-- phpMyAdmin SQL Dump
-- version 4.9.5deb2
-- https://www.phpmyadmin.net/
--
-- Host: localhost:3306
-- Generation Time: Apr 29, 2023 at 09:41 AM
-- Server version: 8.0.32-0ubuntu0.20.04.2
-- PHP Version: 7.1.33-52+ubuntu20.04.1+deb.sury.org+1

SET SQL_MODE = "NO_AUTO_VALUE_ON_ZERO";
SET AUTOCOMMIT = 0;
START TRANSACTION;
SET time_zone = "+00:00";


/*!40101 SET @OLD_CHARACTER_SET_CLIENT=@@CHARACTER_SET_CLIENT */;
/*!40101 SET @OLD_CHARACTER_SET_RESULTS=@@CHARACTER_SET_RESULTS */;
/*!40101 SET @OLD_COLLATION_CONNECTION=@@COLLATION_CONNECTION */;
/*!40101 SET NAMES utf8mb4 */;

--
-- Database: `eapi`
--

-- --------------------------------------------------------

--
-- Table structure for table `failed_jobs`
--

CREATE TABLE `failed_jobs` (
  `id` bigint UNSIGNED NOT NULL,
  `uuid` varchar(255) COLLATE utf8mb4_unicode_ci NOT NULL,
  `connection` text COLLATE utf8mb4_unicode_ci NOT NULL,
  `queue` text COLLATE utf8mb4_unicode_ci NOT NULL,
  `payload` longtext COLLATE utf8mb4_unicode_ci NOT NULL,
  `exception` longtext COLLATE utf8mb4_unicode_ci NOT NULL,
  `failed_at` timestamp NOT NULL DEFAULT CURRENT_TIMESTAMP
) ENGINE=InnoDB DEFAULT CHARSET=utf8mb4 COLLATE=utf8mb4_unicode_ci;

-- --------------------------------------------------------

--
-- Table structure for table `migrations`
--

CREATE TABLE `migrations` (
  `id` int UNSIGNED NOT NULL,
  `migration` varchar(255) COLLATE utf8mb4_unicode_ci NOT NULL,
  `batch` int NOT NULL
) ENGINE=InnoDB DEFAULT CHARSET=utf8mb4 COLLATE=utf8mb4_unicode_ci;

--
-- Dumping data for table `migrations`
--

INSERT INTO `migrations` (`id`, `migration`, `batch`) VALUES
(1, '2014_10_12_000000_create_users_table', 1),
(2, '2014_10_12_100000_create_password_reset_tokens_table', 1),
(3, '2019_08_19_000000_create_failed_jobs_table', 1),
(4, '2019_12_14_000001_create_personal_access_tokens_table', 1),
(5, '2023_04_29_053812_create_products_table', 1),
(6, '2023_04_29_053848_create_reviews_table', 1);

-- --------------------------------------------------------

--
-- Table structure for table `password_reset_tokens`
--

CREATE TABLE `password_reset_tokens` (
  `email` varchar(255) COLLATE utf8mb4_unicode_ci NOT NULL,
  `token` varchar(255) COLLATE utf8mb4_unicode_ci NOT NULL,
  `created_at` timestamp NULL DEFAULT NULL
) ENGINE=InnoDB DEFAULT CHARSET=utf8mb4 COLLATE=utf8mb4_unicode_ci;

-- --------------------------------------------------------

--
-- Table structure for table `personal_access_tokens`
--

CREATE TABLE `personal_access_tokens` (
  `id` bigint UNSIGNED NOT NULL,
  `tokenable_type` varchar(255) COLLATE utf8mb4_unicode_ci NOT NULL,
  `tokenable_id` bigint UNSIGNED NOT NULL,
  `name` varchar(255) COLLATE utf8mb4_unicode_ci NOT NULL,
  `token` varchar(64) COLLATE utf8mb4_unicode_ci NOT NULL,
  `abilities` text COLLATE utf8mb4_unicode_ci,
  `last_used_at` timestamp NULL DEFAULT NULL,
  `expires_at` timestamp NULL DEFAULT NULL,
  `created_at` timestamp NULL DEFAULT NULL,
  `updated_at` timestamp NULL DEFAULT NULL
) ENGINE=InnoDB DEFAULT CHARSET=utf8mb4 COLLATE=utf8mb4_unicode_ci;

-- --------------------------------------------------------

--
-- Table structure for table `products`
--

CREATE TABLE `products` (
  `id` bigint UNSIGNED NOT NULL,
  `name` varchar(255) COLLATE utf8mb4_unicode_ci NOT NULL,
  `detail` varchar(255) COLLATE utf8mb4_unicode_ci NOT NULL,
  `price` int NOT NULL,
  `stock` int NOT NULL,
  `discount` int NOT NULL,
  `created_at` timestamp NULL DEFAULT NULL,
  `updated_at` timestamp NULL DEFAULT NULL
) ENGINE=InnoDB DEFAULT CHARSET=utf8mb4 COLLATE=utf8mb4_unicode_ci;

--
-- Dumping data for table `products`
--

INSERT INTO `products` (`id`, `name`, `detail`, `price`, `stock`, `discount`, `created_at`, `updated_at`) VALUES
(1, 'amet', 'Saepe et numquam culpa. Et vitae quia deserunt distinctio consequatur repudiandae. Consequatur error nam voluptatem veniam voluptas magnam tempora.', 438, 0, 16, '2023-04-29 03:37:00', '2023-04-29 03:37:00'),
(2, 'ullam', 'Provident aut et dolores sed impedit eius dolor et. Officia libero omnis error voluptatem sit voluptatibus. Optio adipisci accusamus consequatur rerum. Quo vel error ut quia animi beatae adipisci.', 390, 1, 28, '2023-04-29 03:37:00', '2023-04-29 03:37:00'),
(3, 'non', 'Laboriosam magnam possimus consequuntur voluptatem soluta fuga. Ut quo natus rem ullam velit. Vero pariatur enim natus rem distinctio tempore. Fuga vitae quaerat aut ab et optio id.', 975, 9, 9, '2023-04-29 03:37:00', '2023-04-29 03:37:00'),
(4, 'occaecati', 'Ut aut dolores reiciendis porro accusamus deleniti corporis voluptatem. Suscipit qui quidem voluptas. Quam ea rerum laboriosam voluptas magnam. Voluptas rerum culpa temporibus debitis voluptatem vel.', 555, 5, 6, '2023-04-29 03:37:00', '2023-04-29 03:37:00'),
(5, 'pariatur', 'Autem ex voluptatibus qui est dolores. Atque natus dolorem ut temporibus qui quae quia.', 105, 6, 27, '2023-04-29 03:37:00', '2023-04-29 03:37:00'),
(6, 'veniam', 'Sit natus est voluptate mollitia tempora dicta debitis. Temporibus velit quaerat iusto deleniti qui. Aut dignissimos et debitis quibusdam. Voluptas ducimus quae sunt voluptate consectetur corporis. Voluptatum est rerum adipisci perferendis est voluptas.', 881, 5, 11, '2023-04-29 03:37:00', '2023-04-29 03:37:00'),
(7, 'saepe', 'Ut in porro debitis consequatur natus. Accusamus aut eum culpa. Quo doloremque sit similique eum molestias deleniti. Maiores minima voluptatem et.', 807, 2, 12, '2023-04-29 03:37:00', '2023-04-29 03:37:00'),
(8, 'nisi', 'Cumque quia vel aliquam consequatur assumenda illo eos. Sit labore veniam quo a aspernatur ad tempore. Rerum in numquam modi non architecto est.', 694, 4, 4, '2023-04-29 03:37:00', '2023-04-29 03:37:00'),
(9, 'sit', 'Eum id repellendus nihil harum sit iure pariatur maxime. Porro placeat rerum quae voluptates et velit velit. Velit rem voluptas consequatur in impedit adipisci sit sed. Recusandae eos quam aut et sunt vel.', 329, 1, 29, '2023-04-29 03:37:00', '2023-04-29 03:37:00'),
(10, 'qui', 'Voluptatem rerum et molestias consequatur voluptatibus aut. Rerum amet eligendi aut iste molestiae. Corrupti est minima consequatur eaque. Voluptatibus dolore quaerat ea dolores omnis corrupti.', 514, 8, 4, '2023-04-29 03:37:00', '2023-04-29 03:37:00'),
(11, 'aspernatur', 'Quo voluptatem tenetur odio est ipsa. Enim in quo aut voluptate id. Reprehenderit voluptates earum delectus. Qui dolor corporis tempora reiciendis adipisci commodi incidunt error. Exercitationem velit enim ad ut.', 232, 8, 9, '2023-04-29 03:37:00', '2023-04-29 03:37:00'),
(12, 'vitae', 'Voluptas iste ab aut earum. Perspiciatis iste praesentium sint distinctio ea.', 917, 5, 25, '2023-04-29 03:37:00', '2023-04-29 03:37:00'),
(13, 'voluptatum', 'Ut ut omnis accusantium magnam aliquid omnis vitae. Debitis non et deserunt nihil velit. Rem illum ipsam voluptatem earum.', 908, 2, 20, '2023-04-29 03:37:00', '2023-04-29 03:37:00'),
(14, 'consequatur', 'In sunt repellendus dolore vel numquam. Doloribus hic sunt voluptatem rerum accusamus. In praesentium quas asperiores.', 199, 8, 28, '2023-04-29 03:37:00', '2023-04-29 03:37:00'),
(15, 'deserunt', 'Iusto qui atque quidem nobis sit hic ducimus. Sint quia rem suscipit non sed aut. Autem numquam voluptatem nostrum libero explicabo.', 605, 6, 23, '2023-04-29 03:37:00', '2023-04-29 03:37:00'),
(16, 'velit', 'Veritatis veniam commodi praesentium pariatur nemo. Aut est cumque suscipit possimus. Vel similique aspernatur consequatur non nesciunt voluptas.', 173, 3, 23, '2023-04-29 03:37:00', '2023-04-29 03:37:00'),
(17, 'pariatur', 'Numquam culpa magni distinctio quidem et ut voluptatem. Autem enim corporis tempore est in quidem. Autem est et nam ullam.', 271, 9, 2, '2023-04-29 03:37:00', '2023-04-29 03:37:00'),
(18, 'maiores', 'Quaerat sequi repellendus veniam quos ea et. Ullam eveniet pariatur praesentium beatae alias. A molestiae nemo autem dolor porro. Temporibus qui qui odit velit molestiae reiciendis sit.', 193, 2, 5, '2023-04-29 03:37:00', '2023-04-29 03:37:00'),
(19, 'mollitia', 'In rerum et eum voluptatem perspiciatis optio doloribus. Autem expedita velit voluptas expedita repellendus possimus doloremque ut. Labore sit enim adipisci vitae adipisci expedita ut. Qui voluptatem veritatis fuga quis aut aut.', 834, 6, 3, '2023-04-29 03:37:00', '2023-04-29 03:37:00'),
(20, 'et', 'Explicabo quisquam aut molestiae sequi saepe nesciunt. Cupiditate in porro et et aut sit ut iste. Dicta voluptas debitis illum aut deserunt consequatur architecto.', 574, 0, 3, '2023-04-29 03:37:00', '2023-04-29 03:37:00'),
(21, 'eveniet', 'Maxime animi delectus illo est consequatur accusantium. Magnam velit dolore atque incidunt qui nisi quod. Quas vitae vero ratione enim quia. Non vero vitae explicabo ipsa quas tenetur.', 826, 5, 21, '2023-04-29 03:37:00', '2023-04-29 03:37:00'),
(22, 'ut', 'Culpa aut voluptas pariatur rerum possimus quos libero. Odit quasi eaque et in ipsa id. Voluptates nihil vel eos suscipit id consequatur.', 334, 7, 11, '2023-04-29 03:37:00', '2023-04-29 03:37:00'),
(23, 'impedit', 'Cum ea et perferendis. Similique non molestiae sequi dolores quis vero temporibus aut. Nam quidem doloremque enim et qui eos.', 379, 8, 27, '2023-04-29 03:37:00', '2023-04-29 03:37:00'),
(24, 'voluptas', 'Rerum sed dicta quia tempore. Quod voluptatum mollitia fuga non. Aut voluptas quaerat dolores. Amet quia cum facere.', 517, 2, 14, '2023-04-29 03:37:00', '2023-04-29 03:37:00'),
(25, 'molestias', 'Saepe quis blanditiis inventore aliquid aut qui aut quas. Quia molestiae repudiandae tempore eius magnam illum reiciendis. Officia rerum voluptas reiciendis dolorem.', 582, 5, 18, '2023-04-29 03:37:00', '2023-04-29 03:37:00'),
(26, 'eveniet', 'Fugiat ex suscipit nihil amet ut tempore. Et et officiis nesciunt veritatis similique cupiditate sed. Voluptatum adipisci quod debitis.', 145, 1, 30, '2023-04-29 03:37:00', '2023-04-29 03:37:00'),
(27, 'in', 'Praesentium in voluptatem repellendus. Voluptates illum exercitationem neque. Aliquid facere omnis rerum iure officia sit amet.', 981, 8, 23, '2023-04-29 03:37:00', '2023-04-29 03:37:00'),
(28, 'quis', 'Quia ea facilis quia. Omnis hic perspiciatis nulla eligendi. Eos libero beatae quae ullam natus sint.', 580, 3, 19, '2023-04-29 03:37:00', '2023-04-29 03:37:00'),
(29, 'alias', 'Suscipit eligendi repellendus dolor qui. Rerum et et voluptas dicta quia omnis sint. Quasi sint necessitatibus modi quis.', 886, 9, 23, '2023-04-29 03:37:00', '2023-04-29 03:37:00'),
(30, 'rerum', 'Rerum sint et voluptatem laboriosam qui quos porro perspiciatis. Ut nulla eveniet quae maiores cum. Et ratione quia necessitatibus eum. Voluptate voluptatem occaecati itaque ut magni nesciunt. Quaerat quis provident dignissimos magni.', 867, 2, 11, '2023-04-29 03:37:00', '2023-04-29 03:37:00'),
(31, 'eaque', 'Aperiam error doloremque autem exercitationem dolores quis. Quod exercitationem atque tenetur esse deleniti. Omnis similique nisi corrupti tempora sed. Aliquid molestiae alias vel enim eligendi ea soluta.', 247, 0, 9, '2023-04-29 03:37:00', '2023-04-29 03:37:00'),
(32, 'minima', 'Dicta corrupti quam sunt odio perspiciatis recusandae. Necessitatibus ipsum deserunt voluptas ea et a eligendi. Ipsam placeat delectus at aspernatur omnis. Et architecto et pariatur dolorum.', 969, 4, 11, '2023-04-29 03:37:00', '2023-04-29 03:37:00'),
(33, 'voluptas', 'Adipisci enim est ipsam est vero porro. Sed qui reprehenderit alias vel rerum. Consequatur rem deserunt quas esse voluptas. Quis quidem amet explicabo ullam aut.', 248, 5, 25, '2023-04-29 03:37:00', '2023-04-29 03:37:00'),
(34, 'autem', 'Et assumenda aut labore minus consequatur qui non. Soluta velit ipsum natus totam blanditiis eum nobis. Culpa autem voluptatem delectus et reprehenderit quia sunt. Quas quos fugit corrupti. Consequuntur distinctio quibusdam est quasi aliquam sequi.', 772, 3, 15, '2023-04-29 03:37:00', '2023-04-29 03:37:00'),
(35, 'dolorum', 'Voluptas laudantium tempore vel aut omnis enim natus. Quis provident labore fugit unde iure molestiae. Vero et quod sed. Quia ratione quae saepe iste dicta nemo amet.', 890, 3, 25, '2023-04-29 03:37:00', '2023-04-29 03:37:00'),
(36, 'minima', 'Voluptas veniam minima consequatur ea qui rerum et. Aspernatur et quis tempore voluptas. Tempore harum rerum earum maiores eaque necessitatibus eos quis. Explicabo aut laudantium eos nemo ut.', 759, 5, 21, '2023-04-29 03:37:00', '2023-04-29 03:37:00'),
(37, 'ipsam', 'Reprehenderit et deleniti tempore excepturi reiciendis fugit ut totam. Quam qui debitis cupiditate ex. Quia quia explicabo odio ipsa et voluptatem fuga.', 141, 3, 13, '2023-04-29 03:37:00', '2023-04-29 03:37:00'),
(38, 'itaque', 'Repudiandae facere nobis numquam consectetur nisi qui. Quibusdam et a et amet. Voluptates error rem exercitationem iure incidunt itaque soluta.', 510, 3, 5, '2023-04-29 03:37:00', '2023-04-29 03:37:00'),
(39, 'minus', 'Natus voluptas veniam necessitatibus cumque quasi ut nam. Consequatur saepe ex adipisci hic iste velit rem. Quis voluptatibus non ut eum nulla sint.', 274, 5, 26, '2023-04-29 03:37:00', '2023-04-29 03:37:00'),
(40, 'dignissimos', 'Aliquam sed sit et non ullam officiis qui et. Accusantium fuga dolorum quod sit dolor fugiat architecto. Dolorem pariatur itaque optio quia doloremque architecto harum. Dolores dolores molestias est qui alias.', 821, 4, 9, '2023-04-29 03:37:00', '2023-04-29 03:37:00'),
(41, 'et', 'Ipsum explicabo dolorum soluta in totam distinctio voluptates. Harum voluptatibus eos qui omnis. Est aliquam non iste dignissimos.', 832, 1, 17, '2023-04-29 03:37:00', '2023-04-29 03:37:00'),
(42, 'ipsum', 'Sed laborum culpa aliquam molestiae maiores est id. Qui consectetur sed perferendis voluptatem velit officia. Tempore quam repellat porro ea est et. Qui occaecati ut optio nihil omnis aut est.', 606, 8, 13, '2023-04-29 03:37:00', '2023-04-29 03:37:00'),
(43, 'voluptatem', 'Blanditiis voluptatem debitis quo magni ut voluptatem. Necessitatibus voluptatem non sapiente aut.', 567, 3, 21, '2023-04-29 03:37:00', '2023-04-29 03:37:00'),
(44, 'ut', 'Et quos labore adipisci. Qui perspiciatis aperiam possimus aut fuga. Non blanditiis perferendis voluptatum illum totam facilis. Quasi explicabo odio et eos aliquid deserunt.', 821, 6, 8, '2023-04-29 03:37:00', '2023-04-29 03:37:00'),
(45, 'magni', 'Consequatur dolorem sunt et consequatur et odio ipsum optio. Est commodi quis quia dolor quo. At dolorem quidem dolorum voluptatem repellendus commodi. Impedit nobis quae at beatae nihil.', 875, 2, 20, '2023-04-29 03:37:00', '2023-04-29 03:37:00'),
(46, 'labore', 'Quaerat neque dolore pariatur dolorem placeat distinctio. Quaerat aspernatur molestias ipsum architecto voluptatem. Reprehenderit sit nostrum aliquam corporis temporibus odit qui. Suscipit sapiente et voluptate est officiis id.', 446, 8, 19, '2023-04-29 03:37:00', '2023-04-29 03:37:00'),
(47, 'recusandae', 'Quas est sed odio. Quia sequi nihil et at nemo voluptatem qui. Rem natus nulla fugiat perferendis beatae magnam. Expedita totam velit nisi necessitatibus.', 444, 3, 16, '2023-04-29 03:37:00', '2023-04-29 03:37:00'),
(48, 'neque', 'Qui veritatis voluptatem corrupti maxime. Sequi sit fuga veniam ipsa et necessitatibus doloribus. Veritatis architecto ipsa id ut.', 747, 6, 14, '2023-04-29 03:37:00', '2023-04-29 03:37:00'),
(49, 'id', 'Nemo consequatur qui molestias. Voluptatum fuga neque architecto occaecati possimus suscipit ratione. Dolores neque possimus et. Soluta mollitia eum voluptates qui ducimus.', 326, 9, 12, '2023-04-29 03:37:00', '2023-04-29 03:37:00'),
(50, 'quia', 'Laudantium aliquam qui velit minima cum est eius dolorem. Aut qui voluptatem est hic voluptatum dignissimos cum. Adipisci laudantium iure molestiae voluptatum reiciendis et. Nihil nihil placeat eum sequi ipsum provident excepturi.', 698, 6, 13, '2023-04-29 03:37:00', '2023-04-29 03:37:00');

-- --------------------------------------------------------

--
-- Table structure for table `reviews`
--

CREATE TABLE `reviews` (
  `id` bigint UNSIGNED NOT NULL,
  `product_id` bigint UNSIGNED NOT NULL,
  `customer` varchar(255) COLLATE utf8mb4_unicode_ci NOT NULL,
  `review` text COLLATE utf8mb4_unicode_ci NOT NULL,
  `star` int NOT NULL,
  `created_at` timestamp NULL DEFAULT NULL,
  `updated_at` timestamp NULL DEFAULT NULL
) ENGINE=InnoDB DEFAULT CHARSET=utf8mb4 COLLATE=utf8mb4_unicode_ci;

--
-- Dumping data for table `reviews`
--

INSERT INTO `reviews` (`id`, `product_id`, `customer`, `review`, `star`, `created_at`, `updated_at`) VALUES
(1, 4, 'Ellsworth Weissnat', 'Quod nemo voluptatum porro inventore illum. Corrupti quam quis eius sunt. Aliquam cum cumque voluptate consectetur aut commodi cum. Quae deserunt dolorem vel.', 4, '2023-04-29 03:37:17', '2023-04-29 03:37:17'),
(2, 8, 'Ms. Roselyn Gibson', 'Repellat perferendis officia rem commodi ea exercitationem. Voluptatem qui eum molestiae neque. Ipsam quaerat nihil error dolor ut est non.', 5, '2023-04-29 03:37:17', '2023-04-29 03:37:17'),
(3, 10, 'Dr. Elroy Monahan', 'Magnam ex atque qui modi. Dolores autem vel at praesentium quos tempore placeat. Sit nihil aut nihil praesentium fugit delectus. Totam unde porro molestiae molestiae quo.', 0, '2023-04-29 03:37:17', '2023-04-29 03:37:17'),
(4, 30, 'Alisa Stroman', 'Et voluptatibus dolor asperiores architecto impedit tenetur. Tempora reprehenderit repellat quia asperiores illo. Rem voluptates consequatur odit consequatur officiis ut. Error aspernatur id et.', 2, '2023-04-29 03:37:17', '2023-04-29 03:37:17'),
(5, 8, 'Ova Halvorson IV', 'Suscipit consequatur velit itaque omnis delectus. Temporibus vero alias sequi placeat laboriosam. Reprehenderit quia itaque dolorem iste. A porro odit quaerat qui saepe molestiae incidunt. Sint excepturi ut ut non et et.', 0, '2023-04-29 03:37:17', '2023-04-29 03:37:17'),
(6, 8, 'Prof. Lolita Kertzmann II', 'Suscipit eos laboriosam quod sunt. Enim vel est recusandae a.', 0, '2023-04-29 03:37:17', '2023-04-29 03:37:17'),
(7, 30, 'Earline Durgan', 'At necessitatibus blanditiis ut nisi sunt omnis. Dolor aut dignissimos ratione sunt. Nihil voluptas provident illum voluptas magni delectus officia.', 3, '2023-04-29 03:37:17', '2023-04-29 03:37:17'),
(8, 27, 'Mr. Johnson Gleichner', 'A molestiae minima voluptatem et nemo voluptatibus explicabo mollitia. Sed consequatur sit quibusdam dicta sed.', 3, '2023-04-29 03:37:17', '2023-04-29 03:37:17'),
(9, 20, 'Karianne Sipes IV', 'Reprehenderit vero qui ea consectetur porro fugiat soluta. Aut ea quam cumque. Ad voluptatem esse ullam molestiae aspernatur consequatur ut. Nemo ducimus neque sit ea facere.', 0, '2023-04-29 03:37:17', '2023-04-29 03:37:17'),
(10, 36, 'Benedict Mueller', 'Consectetur nobis magni et voluptas. Officiis iure minus itaque aspernatur consequatur officia excepturi ratione. Nam sint officia in eos et. Impedit et aut repellat dolore nesciunt consectetur atque.', 2, '2023-04-29 03:37:17', '2023-04-29 03:37:17'),
(11, 29, 'Korbin Durgan', 'Quasi iste voluptatem et nihil odio. Sit cumque repellendus eum et culpa animi quia atque. Commodi quisquam dicta et et nisi dolor sed. Qui culpa omnis non a et corporis necessitatibus.', 0, '2023-04-29 03:37:17', '2023-04-29 03:37:17'),
(12, 9, 'Queen Jast IV', 'Dicta excepturi ut rem reiciendis occaecati numquam omnis. Consequuntur expedita fugiat assumenda iure placeat ducimus. Qui doloribus quisquam quidem tempora quam quia. Ducimus corrupti expedita neque ut.', 5, '2023-04-29 03:37:17', '2023-04-29 03:37:17'),
(13, 43, 'Clint Zboncak V', 'Delectus ut ea fuga assumenda iste blanditiis. Culpa odit dolorem veritatis nulla laudantium. Ea error consequatur fuga commodi.', 1, '2023-04-29 03:37:17', '2023-04-29 03:37:17'),
(14, 32, 'Elva Gulgowski', 'Iure reiciendis hic voluptatem et nemo. Facere facere ut voluptate ipsam. Deleniti beatae dolor optio adipisci. Eum accusantium aliquid asperiores quibusdam.', 2, '2023-04-29 03:37:17', '2023-04-29 03:37:17'),
(15, 6, 'Penelope Sporer DDS', 'Vel at aperiam modi hic sunt. Corrupti placeat ratione similique.', 4, '2023-04-29 03:37:17', '2023-04-29 03:37:17'),
(16, 36, 'Prof. Tamia Collins', 'Voluptate sequi porro harum aspernatur rerum aspernatur vero. Velit quia ipsa ratione ut delectus.', 1, '2023-04-29 03:37:17', '2023-04-29 03:37:17'),
(17, 5, 'Mr. Zachariah Cartwright', 'Eum quis qui sunt saepe et quasi. Sit quam culpa necessitatibus consequuntur velit. Sit quos commodi modi non sit est numquam. Esse minima et quibusdam et est illum officia. Temporibus dolorum odit laboriosam.', 4, '2023-04-29 03:37:17', '2023-04-29 03:37:17'),
(18, 16, 'Prof. Hiram Crooks IV', 'Modi fuga ut quidem debitis magni. Adipisci beatae voluptate qui blanditiis. Et corporis omnis et laudantium excepturi molestias. Cum sint illo quos necessitatibus quod rem voluptatibus.', 0, '2023-04-29 03:37:17', '2023-04-29 03:37:17'),
(19, 34, 'Jaunita Hayes DVM', 'Vitae dolorum et nulla quidem. Animi eaque fugit voluptas laborum et dolorem. Consequuntur ipsa rerum laborum eum ipsa qui et.', 2, '2023-04-29 03:37:17', '2023-04-29 03:37:17'),
(20, 12, 'Casper Kling', 'Et perspiciatis rem enim rerum qui. Voluptas ducimus corporis et velit. Recusandae velit ipsam sapiente. Expedita ex beatae quia dolorem. Voluptas enim maiores sit eveniet dolores maiores ipsam accusamus.', 3, '2023-04-29 03:37:17', '2023-04-29 03:37:17'),
(21, 8, 'Eugene Cormier', 'Et libero in voluptate. Cum temporibus dolore numquam consequatur voluptas aut iste. Cupiditate sed eum tenetur.', 4, '2023-04-29 03:37:17', '2023-04-29 03:37:17'),
(22, 17, 'Leann Abbott', 'Dolor nemo officiis inventore distinctio et ex sunt. Eaque ad in velit. Corporis quae culpa dolorem eaque cumque ut nostrum.', 0, '2023-04-29 03:37:17', '2023-04-29 03:37:17'),
(23, 42, 'Autumn Prohaska', 'Molestias eaque eveniet rerum vero harum corrupti fugiat. Aperiam voluptas commodi ducimus ratione magnam et sunt quia. Soluta consequatur repellendus minima accusantium nisi animi.', 3, '2023-04-29 03:37:17', '2023-04-29 03:37:17'),
(24, 11, 'Ansley Kris', 'Suscipit alias expedita distinctio accusamus qui optio in ipsum. Saepe illum eligendi ipsam iure quo. Ab nihil laboriosam inventore aspernatur explicabo omnis omnis. Quis accusantium hic fugiat minima eius impedit.', 4, '2023-04-29 03:37:17', '2023-04-29 03:37:17'),
(25, 18, 'Rylee Ward', 'Recusandae eum adipisci quia iste delectus nulla vel. Pariatur eius tenetur dolorum ducimus ipsum alias in. Possimus sapiente consequatur quia a officia incidunt aperiam. Ullam modi sapiente asperiores ut voluptatum nobis.', 5, '2023-04-29 03:37:17', '2023-04-29 03:37:17'),
(26, 12, 'Lauren Mohr', 'Maiores aut non suscipit officia iste velit. Voluptatem culpa facilis vitae quam fugiat. Quia aut tempora accusantium a ea. Vel omnis exercitationem necessitatibus ut temporibus. Voluptate fugit quia error optio commodi occaecati sapiente.', 4, '2023-04-29 03:37:17', '2023-04-29 03:37:17'),
(27, 23, 'Mrs. Pearl Lang III', 'Ut non qui modi aut quaerat. Quidem in et aliquid dolore. Et ipsam ullam pariatur voluptates consequuntur vel. Facilis et tempore quasi impedit ut.', 0, '2023-04-29 03:37:17', '2023-04-29 03:37:17'),
(28, 40, 'Murray Beahan DDS', 'Non laborum illum similique et. Velit eum sed soluta eius sequi voluptas et. Animi accusantium vel occaecati est saepe facere. Maxime assumenda omnis reprehenderit voluptates voluptas.', 2, '2023-04-29 03:37:17', '2023-04-29 03:37:17'),
(29, 23, 'Bernard Terry', 'Necessitatibus maiores reprehenderit veniam non eveniet excepturi. Veniam harum voluptas alias optio. Consequuntur dolore pariatur molestias culpa voluptas sed error. Qui ut reiciendis suscipit nulla deleniti.', 1, '2023-04-29 03:37:17', '2023-04-29 03:37:17'),
(30, 35, 'Teresa Vandervort Sr.', 'Eos quo quos ea incidunt facilis et. Est dolorem eum quas. Sunt aut excepturi aliquid qui. Autem doloremque tempore velit corrupti qui et quis.', 1, '2023-04-29 03:37:17', '2023-04-29 03:37:17'),
(31, 25, 'Dr. Elton Medhurst', 'Quia quo eligendi consequuntur repudiandae. Asperiores distinctio omnis quia rerum. Tenetur itaque officiis quia molestias quia esse. Temporibus impedit ducimus aspernatur corporis porro.', 5, '2023-04-29 03:37:17', '2023-04-29 03:37:17'),
(32, 24, 'Estell Zboncak Jr.', 'Quia quia veniam praesentium. Sunt deleniti adipisci officiis omnis quidem provident enim. Assumenda dolores officiis adipisci illo placeat accusamus. Sunt soluta voluptas voluptas amet est magnam est.', 3, '2023-04-29 03:37:17', '2023-04-29 03:37:17'),
(33, 15, 'Dr. Laurie Schmeler IV', 'Et mollitia doloribus nemo qui provident dolorem magnam. Exercitationem eius nobis dolorum atque voluptatem minima. Culpa dolores in harum nulla esse. Harum esse optio minus est.', 2, '2023-04-29 03:37:17', '2023-04-29 03:37:17'),
(34, 8, 'Allen Cronin', 'Dolor qui aut culpa ratione non. Id nulla sed eligendi. Qui id quidem perspiciatis consectetur. Quia voluptatem enim laborum possimus. Voluptatem aspernatur cumque aut magni.', 3, '2023-04-29 03:37:17', '2023-04-29 03:37:17'),
(35, 21, 'Tony Roob', 'Qui voluptates qui quod. Hic provident et fuga sunt aut doloremque. Reprehenderit aut voluptas autem. Aut sed doloribus libero voluptas sit totam aut est.', 1, '2023-04-29 03:37:17', '2023-04-29 03:37:17'),
(36, 41, 'Pearlie McDermott', 'Libero sit quasi in voluptas non. Quo consequatur perspiciatis nobis. Vel tempore autem inventore voluptate. Et quisquam suscipit adipisci consequatur sint aliquam. Esse sunt est id et.', 3, '2023-04-29 03:37:17', '2023-04-29 03:37:17'),
(37, 2, 'Eliane Koss', 'Nulla autem numquam minima pariatur. Sapiente et earum modi dolorum quia nesciunt cum. Officiis adipisci est harum molestias nesciunt. Voluptates voluptas expedita numquam est rerum sit.', 5, '2023-04-29 03:37:17', '2023-04-29 03:37:17'),
(38, 49, 'Precious Hand Sr.', 'Et voluptas quos qui dolor ut. Quam ad autem quaerat commodi id qui repellat. Perferendis ratione nobis maxime iure aut ut et ipsa. Recusandae repudiandae facilis nobis sunt sed.', 4, '2023-04-29 03:37:17', '2023-04-29 03:37:17'),
(39, 40, 'Mr. Lisandro Marks V', 'Impedit sed voluptatem culpa esse. Omnis delectus quia aut est. Voluptate quis ut minus assumenda voluptas ut qui. Voluptas aut harum sunt nobis quia incidunt. Ipsam rem quisquam et.', 0, '2023-04-29 03:37:17', '2023-04-29 03:37:17'),
(40, 5, 'Norwood Metz', 'Est et alias aliquid alias exercitationem maiores nihil. Commodi ipsum est dolorem quasi doloribus minima ut. Amet non enim iste qui dolores excepturi.', 3, '2023-04-29 03:37:17', '2023-04-29 03:37:17'),
(41, 18, 'Serena Abbott', 'Quod fugiat voluptatibus in pariatur nesciunt. Dolor perferendis dignissimos sint enim ratione. Quod quasi aut eius ex soluta. Enim eaque velit iste.', 5, '2023-04-29 03:37:17', '2023-04-29 03:37:17'),
(42, 6, 'Lonie Abshire', 'Autem voluptatem est eos velit. Nisi iusto consequatur et eum. Est aut ipsum necessitatibus.', 1, '2023-04-29 03:37:17', '2023-04-29 03:37:17'),
(43, 37, 'Mrs. Freda Olson', 'Unde vel dolorem dolores voluptatem quos a natus velit. Deleniti et vero veritatis pariatur magnam iure nisi quia. Aut ab nostrum cum ea quia ipsum provident.', 1, '2023-04-29 03:37:17', '2023-04-29 03:37:17'),
(44, 5, 'Dr. Rahsaan Stroman PhD', 'Ducimus atque non explicabo voluptatem aspernatur. Suscipit nulla et exercitationem. Explicabo blanditiis adipisci dicta et. Aliquam esse qui corrupti aut ab quod voluptatem.', 1, '2023-04-29 03:37:17', '2023-04-29 03:37:17'),
(45, 38, 'Mason Pfannerstill', 'Quae quidem velit quo sunt quia accusamus voluptate. Ratione placeat vel voluptatum vitae. Dolor velit hic debitis aspernatur tenetur.', 0, '2023-04-29 03:37:17', '2023-04-29 03:37:17'),
(46, 16, 'Mr. Ryann Schumm IV', 'Illum architecto magni occaecati dolorum tempora nihil est. Doloribus consectetur nulla quia quia. Vero qui necessitatibus sint. Recusandae consequatur earum quaerat non ut.', 1, '2023-04-29 03:37:17', '2023-04-29 03:37:17'),
(47, 22, 'Olen Hayes', 'Nam facilis dolore laudantium perspiciatis. Et maiores animi dolores inventore. Voluptates sit aspernatur aut quo cum occaecati.', 1, '2023-04-29 03:37:17', '2023-04-29 03:37:17'),
(48, 37, 'Kaleb Schaden', 'Odio beatae mollitia quidem cupiditate veniam. Adipisci corrupti incidunt perferendis commodi recusandae fugiat sint. Tenetur excepturi eum dolores doloribus. Beatae et aut tenetur similique amet. Sunt eaque quia et ipsa.', 1, '2023-04-29 03:37:17', '2023-04-29 03:37:17'),
(49, 1, 'Nova Conroy', 'Ut libero quia praesentium eos minima eos. Commodi repellendus unde sequi neque magnam sit dignissimos.', 0, '2023-04-29 03:37:17', '2023-04-29 03:37:17'),
(50, 12, 'Dr. Bethel Hudson', 'Et repellendus ullam aperiam consequuntur. Temporibus ipsam quae hic vel quae vel totam neque. Eum in earum nulla placeat doloremque. Qui omnis odio sit voluptate quod cum quas.', 4, '2023-04-29 03:37:17', '2023-04-29 03:37:17'),
(51, 18, 'Greta Denesik', 'Id fugiat aspernatur expedita beatae pariatur. Voluptas labore ut vitae nisi fugit. Molestiae ut et sed ea. Minima sit illo non eum.', 4, '2023-04-29 03:37:17', '2023-04-29 03:37:17'),
(52, 7, 'Kelvin Grimes', 'Atque repellat nihil voluptates perspiciatis. Saepe excepturi ea dolore dolores quos repudiandae. Occaecati nisi id provident veritatis blanditiis.', 1, '2023-04-29 03:37:17', '2023-04-29 03:37:17'),
(53, 16, 'Mr. Emerald Sauer', 'Ratione eaque officiis corporis itaque et. Hic et magnam illo aliquam eos reprehenderit minus earum. Id soluta sit repellat magnam nobis est aut laborum. Rerum porro sequi delectus at.', 5, '2023-04-29 03:37:17', '2023-04-29 03:37:17'),
(54, 35, 'Milton Bruen DDS', 'Officiis ex aliquid at ullam. Accusantium nisi debitis quia laborum nulla earum. Sequi est qui laborum voluptates fugiat totam id sunt. Nemo sint beatae quas magnam.', 2, '2023-04-29 03:37:17', '2023-04-29 03:37:17'),
(55, 35, 'Dr. Tristian Yundt', 'Aut sunt unde soluta qui. Voluptas maxime rerum cumque illo tenetur reiciendis quos. Quo aperiam neque rerum et et dolore libero cupiditate. Est aperiam nobis quibusdam nisi.', 2, '2023-04-29 03:37:17', '2023-04-29 03:37:17'),
(56, 5, 'Alana Kuhic', 'Excepturi aut consequatur dicta maiores non veniam architecto fugit. Deleniti nemo eaque voluptas inventore officia quos eaque. Dolor repellat ex ut. Dolorum quia fugit dolores magnam nulla et.', 0, '2023-04-29 03:37:17', '2023-04-29 03:37:17'),
(57, 31, 'Dr. Bernadette Lindgren', 'Beatae fuga veniam debitis modi odit qui animi. Repellat consequatur rem optio ab necessitatibus dignissimos ut. Nobis ea vitae numquam fugit cupiditate doloremque. Rerum est quae omnis maiores harum.', 5, '2023-04-29 03:37:17', '2023-04-29 03:37:17'),
(58, 8, 'Cornelius Swaniawski', 'Inventore exercitationem consequatur quia quis quia. Est saepe eaque sed molestiae qui ut. Voluptatem quaerat ut voluptatem sed ea nihil quae dolorum. Non et in iure beatae sit veniam aut.', 1, '2023-04-29 03:37:17', '2023-04-29 03:37:17'),
(59, 17, 'Megane Hyatt', 'Nobis numquam numquam vitae quam adipisci. A excepturi nemo asperiores rerum. Magnam nesciunt officia explicabo consequatur. Molestias possimus dignissimos autem laudantium quis illum ea. Laudantium porro nulla quo magnam molestiae pariatur dignissimos.', 0, '2023-04-29 03:37:17', '2023-04-29 03:37:17'),
(60, 46, 'Dr. Marguerite Stark', 'Velit sed sed animi ex neque. Dolore quia reprehenderit sed consequatur. Cum sunt vel odit tempore saepe numquam optio maxime. Eos debitis quaerat deleniti quo est recusandae tempora.', 3, '2023-04-29 03:37:18', '2023-04-29 03:37:18'),
(61, 41, 'Ms. Mariam Rohan I', 'Saepe officia voluptate similique placeat tempore est. Eum dolorem est recusandae eaque necessitatibus inventore consequatur. Maiores quos nostrum maiores quae eos aut. Ullam et aliquid impedit dolor quisquam ab.', 0, '2023-04-29 03:37:18', '2023-04-29 03:37:18'),
(62, 15, 'Narciso Padberg', 'Consectetur enim labore deleniti id sit. Est voluptatibus voluptas laboriosam quo provident quia et consequatur. Inventore porro beatae tempore maxime recusandae magnam. Nulla facere tempora perferendis iure provident adipisci ex.', 3, '2023-04-29 03:37:18', '2023-04-29 03:37:18'),
(63, 45, 'Virgie D\'Amore IV', 'Officiis eaque impedit ab assumenda necessitatibus. Aut laborum repudiandae nihil ut sint quod.', 1, '2023-04-29 03:37:18', '2023-04-29 03:37:18'),
(64, 4, 'Omer Jaskolski', 'Quia at enim rerum qui. Exercitationem nam modi nesciunt aut omnis totam dolores illo. Voluptatem earum inventore voluptates voluptatem iure. Ipsa possimus nostrum aut exercitationem qui adipisci. Quaerat minus aut est.', 5, '2023-04-29 03:37:18', '2023-04-29 03:37:18'),
(65, 18, 'Ms. Jessyca Ryan MD', 'Molestiae aut eum modi aut fuga autem recusandae commodi. Similique accusamus veritatis non et nihil. Optio in voluptatem mollitia similique cumque voluptas dolorum. Dolore dignissimos ut deleniti nemo corrupti laboriosam.', 2, '2023-04-29 03:37:18', '2023-04-29 03:37:18'),
(66, 9, 'Prof. Aurelio Rippin', 'Officiis est incidunt voluptatem. Explicabo cumque fuga ab aliquid. Impedit itaque voluptatem expedita maiores sint dolorum.', 0, '2023-04-29 03:37:18', '2023-04-29 03:37:18'),
(67, 30, 'Verner Lemke', 'Itaque doloribus enim recusandae exercitationem aut quibusdam. Possimus nihil vel doloribus minima illo. Dignissimos consequatur dolorem dolorum nulla. Ut optio assumenda laudantium dolor.', 2, '2023-04-29 03:37:18', '2023-04-29 03:37:18'),
(68, 12, 'Immanuel Macejkovic', 'Omnis esse dicta enim adipisci quae. Et vel et sed omnis nihil facere fuga. Iste tempore in recusandae maxime explicabo qui. Facilis nemo voluptate laudantium ratione enim ut.', 1, '2023-04-29 03:37:18', '2023-04-29 03:37:18'),
(69, 42, 'River Powlowski', 'Odio est impedit qui ut tempora. Distinctio consequatur sequi aut ad temporibus omnis. Consequatur pariatur laudantium iste ratione ut sint sit.', 0, '2023-04-29 03:37:18', '2023-04-29 03:37:18'),
(70, 4, 'Miss Katrine Larkin MD', 'Possimus voluptatem rem beatae cumque deserunt possimus. Eveniet natus nulla optio numquam dolores. Laudantium suscipit non at sit.', 4, '2023-04-29 03:37:18', '2023-04-29 03:37:18'),
(71, 30, 'Mr. Sigrid Hermann III', 'Est cupiditate ea provident cum rerum sequi. Dignissimos nihil non dolorem et dolores sed. Voluptatibus provident commodi et quos. Ut numquam est enim sapiente.', 0, '2023-04-29 03:37:18', '2023-04-29 03:37:18'),
(72, 16, 'Mrs. Alana Schuster', 'Culpa facere quo earum sed. Officia aut voluptas incidunt atque. Quos laudantium in est maxime voluptatum. Ipsa consequuntur est atque iure dolores et.', 1, '2023-04-29 03:37:18', '2023-04-29 03:37:18'),
(73, 26, 'Carol Pagac III', 'Accusamus quis temporibus non quidem ex corporis. Voluptas quis earum aliquam soluta. Amet quaerat eaque dolorum cum maiores quaerat eum dolorem. Voluptate necessitatibus velit sed quis aspernatur asperiores.', 0, '2023-04-29 03:37:18', '2023-04-29 03:37:18'),
(74, 21, 'Alexandro Green', 'Delectus aliquid voluptatem corrupti ducimus in eaque. Et quo et perferendis est accusamus numquam nisi. Fuga voluptatem assumenda blanditiis inventore enim esse saepe.', 1, '2023-04-29 03:37:18', '2023-04-29 03:37:18'),
(75, 30, 'Prof. Niko Padberg IV', 'Qui quibusdam deserunt aut eius velit delectus assumenda. Quas voluptas provident deserunt facilis amet provident. Asperiores pariatur et ratione quia. Provident sint voluptate ut.', 2, '2023-04-29 03:37:18', '2023-04-29 03:37:18'),
(76, 17, 'Alec Pollich', 'Suscipit est dicta adipisci. Dolor dolore error ut laboriosam debitis laudantium architecto. Repellendus sed maiores placeat cumque quidem.', 2, '2023-04-29 03:37:18', '2023-04-29 03:37:18'),
(77, 6, 'Carlo Hintz', 'Nostrum repellendus modi vel mollitia. Non dolor doloribus ab voluptatem similique sed dolor. Dolor rerum necessitatibus voluptatem quo ut voluptatem a voluptas.', 0, '2023-04-29 03:37:18', '2023-04-29 03:37:18'),
(78, 19, 'Jermain Sipes', 'Repudiandae enim qui recusandae amet accusamus. Eaque aut doloremque voluptatem velit aut quo iure. Similique rerum architecto ducimus et voluptatum.', 5, '2023-04-29 03:37:18', '2023-04-29 03:37:18'),
(79, 41, 'Dr. Brando Jacobs II', 'Quasi a molestias ducimus sed similique. Consectetur deserunt vel veniam cupiditate. Qui labore nobis possimus excepturi. Voluptate rerum omnis nesciunt sequi ut non rerum ipsa.', 3, '2023-04-29 03:37:18', '2023-04-29 03:37:18'),
(80, 26, 'Fredy Goyette', 'Ut occaecati repellendus voluptatem id dolor. Ut accusantium excepturi minus vel nam. Sunt odit facilis eos est tenetur.', 3, '2023-04-29 03:37:18', '2023-04-29 03:37:18'),
(81, 13, 'Prof. Hertha Kuphal PhD', 'Corporis qui voluptas ut explicabo aut. Molestiae enim repellendus ut placeat sint. Enim voluptatem aut dicta autem magni quae. Quo soluta cupiditate excepturi suscipit.', 1, '2023-04-29 03:37:18', '2023-04-29 03:37:18'),
(82, 9, 'Madelyn Bednar', 'Consequatur ratione sunt dicta eum. Nisi esse alias et repellendus porro expedita quam dolorem. Est ut repudiandae aperiam sit. Nam molestiae modi maxime et fugit et.', 1, '2023-04-29 03:37:18', '2023-04-29 03:37:18'),
(83, 10, 'Vella Hills', 'Ut asperiores voluptates qui magnam tenetur ea. Ab illum ipsum vel esse fugit. Aliquam et et ut.', 0, '2023-04-29 03:37:18', '2023-04-29 03:37:18'),
(84, 18, 'Julio Funk DVM', 'Debitis autem placeat occaecati delectus est voluptatibus neque. Sunt rerum reprehenderit atque. Illum eum quia repellendus exercitationem non. Cumque in quia qui asperiores ab. Id sunt voluptatem ut.', 2, '2023-04-29 03:37:18', '2023-04-29 03:37:18'),
(85, 9, 'Mrs. Alison Nikolaus Sr.', 'Blanditiis non magnam omnis eum magni enim quia alias. Inventore consequuntur dolor eligendi et aspernatur enim aperiam. Exercitationem ut totam officiis impedit ut asperiores.', 2, '2023-04-29 03:37:18', '2023-04-29 03:37:18'),
(86, 33, 'Trent Waters III', 'Enim sequi nam tenetur amet. Nobis laboriosam consequatur itaque sit architecto. Debitis rerum excepturi quibusdam cum. Quia consequatur nihil voluptas omnis.', 4, '2023-04-29 03:37:18', '2023-04-29 03:37:18'),
(87, 43, 'Lindsay Nikolaus II', 'Nulla nisi hic cupiditate numquam eos. Molestias adipisci veritatis odio quisquam impedit est cumque. Quisquam numquam nisi aut excepturi vel rem. Ut consectetur laudantium minima ullam fugit dolore.', 4, '2023-04-29 03:37:18', '2023-04-29 03:37:18'),
(88, 39, 'Kay Bechtelar', 'Animi sint beatae temporibus. Officia aut ut neque omnis vitae placeat placeat quo. In nihil omnis reprehenderit doloribus iusto iusto ut consequatur.', 5, '2023-04-29 03:37:18', '2023-04-29 03:37:18'),
(89, 38, 'Prof. Charles Kihn DVM', 'Iure quidem facilis commodi. Fuga dolorem suscipit eius fuga. Soluta non quae numquam ut.', 0, '2023-04-29 03:37:18', '2023-04-29 03:37:18'),
(90, 34, 'Ms. Ora Wiegand II', 'Cum quia quia fugit neque. Commodi harum id minima accusantium. Expedita possimus ex deserunt qui.', 1, '2023-04-29 03:37:18', '2023-04-29 03:37:18'),
(91, 44, 'Antonio Prosacco', 'Maxime ut cupiditate pariatur pariatur quod repellat maiores. Hic dicta nemo aut repellendus rerum dolore. Sed facere ducimus voluptate temporibus blanditiis iste. Tenetur cupiditate cupiditate et velit. Corporis rerum earum esse quidem fugiat ipsum.', 4, '2023-04-29 03:37:18', '2023-04-29 03:37:18'),
(92, 39, 'Anita Jast', 'Magnam qui sit optio atque dolore tempora ut. Dicta in nam dolores. Eaque incidunt maxime corporis molestiae ut rem tempora.', 1, '2023-04-29 03:37:18', '2023-04-29 03:37:18'),
(93, 3, 'June Schuster', 'Ea cum provident laboriosam perferendis excepturi. Dolor voluptates incidunt saepe non quo. Harum recusandae explicabo deserunt.', 4, '2023-04-29 03:37:18', '2023-04-29 03:37:18'),
(94, 20, 'Vivianne Walsh', 'Minus eveniet dicta vel ut et fugiat quis. Suscipit ducimus earum aliquam. Voluptas veritatis laboriosam dolore ducimus sint. Qui aut amet commodi doloremque et nihil aut.', 3, '2023-04-29 03:37:18', '2023-04-29 03:37:18'),
(95, 47, 'Fae Pouros', 'Deserunt at alias natus. Ut quasi laboriosam sed. Est saepe alias officiis sapiente maiores doloribus ut. Ducimus cupiditate sint in velit facilis minus. Aliquid unde laboriosam iusto consequatur eius.', 2, '2023-04-29 03:37:18', '2023-04-29 03:37:18'),
(96, 35, 'Mr. Karl Emard', 'Quidem quod reiciendis beatae occaecati tempora et voluptatibus. Voluptatem modi eum voluptatibus id non officiis aut. Et quam numquam ea autem harum dolor eum.', 4, '2023-04-29 03:37:18', '2023-04-29 03:37:18'),
(97, 29, 'Mrs. Pink Fadel DDS', 'Accusantium ad repellat distinctio doloremque repellendus. Rerum voluptas voluptatem hic nisi dicta ipsa perferendis. Impedit sint doloribus aspernatur ut perspiciatis. Quidem natus modi nesciunt enim vitae omnis nulla.', 4, '2023-04-29 03:37:18', '2023-04-29 03:37:18'),
(98, 42, 'Prof. Barton King IV', 'Magni aut quos iusto et quisquam qui. Est rerum omnis doloremque et quia. Ipsum voluptatem libero cum. Nesciunt quas omnis omnis tempore soluta qui.', 4, '2023-04-29 03:37:18', '2023-04-29 03:37:18'),
(99, 18, 'Cristian Rath', 'Velit harum ut dolorem error soluta. Est consequatur delectus quo. At deleniti nulla tenetur saepe. Ipsam officia et doloribus ratione consequatur. Adipisci dolor voluptates necessitatibus voluptatem.', 1, '2023-04-29 03:37:18', '2023-04-29 03:37:18'),
(100, 42, 'Domenico Langworth', 'Accusantium nihil sit quod impedit quidem quidem nesciunt. Id nulla laudantium voluptas quia recusandae unde.', 2, '2023-04-29 03:37:18', '2023-04-29 03:37:18'),
(101, 27, 'Dr. Sam Frami II', 'Placeat nemo dolorum tempora fuga similique veniam est. Non inventore rerum nostrum vel. Deserunt sequi assumenda fugit rerum est vel dolorem.', 3, '2023-04-29 03:37:18', '2023-04-29 03:37:18'),
(102, 36, 'Gabriel Wintheiser', 'Ut a consequuntur accusamus quaerat. Aut iure sequi totam quia. Sit quo eos et. Tenetur aut dolore voluptas ut aut.', 1, '2023-04-29 03:37:18', '2023-04-29 03:37:18'),
(103, 8, 'Hettie Smitham MD', 'Veritatis nemo amet a totam fugiat. Repellendus ut ut cumque. Voluptatum blanditiis sit doloribus.', 1, '2023-04-29 03:37:18', '2023-04-29 03:37:18'),
(104, 25, 'Finn Monahan', 'Ratione expedita voluptatem laboriosam totam. Eligendi tempore omnis aperiam ut. Excepturi voluptatibus distinctio nihil tenetur sunt numquam. Repellat aut quibusdam laudantium quidem voluptatem. Sed repellat voluptas velit.', 3, '2023-04-29 03:37:18', '2023-04-29 03:37:18'),
(105, 28, 'Ms. Sincere Cruickshank', 'Sit et et possimus. Quia excepturi perferendis earum odio expedita laudantium reprehenderit consequatur. Velit reprehenderit reiciendis aperiam consequatur sequi ab.', 0, '2023-04-29 03:37:18', '2023-04-29 03:37:18'),
(106, 17, 'Myrl Hilpert', 'Et quaerat et dolorem qui deleniti. Dolorem voluptatem ad dolor aut reprehenderit repellendus est. Voluptatem nam minima sapiente corporis consequatur.', 2, '2023-04-29 03:37:18', '2023-04-29 03:37:18'),
(107, 49, 'Jack Ernser', 'Rerum blanditiis unde iusto voluptatem. Accusantium et amet aut voluptatem est molestiae unde. Sapiente aut porro magnam est itaque quidem quaerat voluptates. Dolores molestiae sed perferendis aspernatur iste enim et.', 2, '2023-04-29 03:37:18', '2023-04-29 03:37:18'),
(108, 50, 'Timothy Zemlak', 'Esse est mollitia nostrum possimus ex ea. Laboriosam exercitationem repudiandae hic eum fugiat sit.', 0, '2023-04-29 03:37:18', '2023-04-29 03:37:18'),
(109, 37, 'Tevin Abshire PhD', 'Temporibus officiis sed molestiae harum possimus. Sed voluptates voluptas est autem. Illo dignissimos ipsum aut eius architecto qui. Aliquid saepe ipsa qui magnam dolores provident qui.', 1, '2023-04-29 03:37:18', '2023-04-29 03:37:18'),
(110, 50, 'Lazaro Hamill', 'Ad eos iusto doloribus magnam soluta. Ratione voluptas laborum quia numquam atque sequi impedit. Ipsum ducimus aut eum voluptatibus et unde. Nulla rerum repellendus temporibus nobis beatae aut sit.', 5, '2023-04-29 03:37:18', '2023-04-29 03:37:18'),
(111, 11, 'Corene Rolfson V', 'Error aliquam est neque debitis exercitationem et atque. Ea animi impedit voluptatibus reiciendis earum dignissimos. Quisquam ipsum et in provident unde dolores.', 5, '2023-04-29 03:37:18', '2023-04-29 03:37:18'),
(112, 15, 'Prof. Thaddeus Daugherty Sr.', 'Tempore laudantium unde et nulla perferendis ea libero. Quas tempora quod ipsam tempore sed molestiae. Est sunt quisquam omnis tenetur tenetur vitae.', 4, '2023-04-29 03:37:18', '2023-04-29 03:37:18'),
(113, 48, 'Pink Ziemann', 'Quisquam alias optio tempora sit harum nisi. Totam ipsam expedita laborum quia et rerum molestiae. A sequi nemo qui nesciunt incidunt vero. Omnis tenetur rem et ducimus dolores ea.', 4, '2023-04-29 03:37:18', '2023-04-29 03:37:18'),
(114, 27, 'Monroe Bayer', 'Consequatur omnis nihil dolores ea. At omnis repellat provident aut placeat rerum tenetur. Distinctio officiis consequatur nemo sed aut.', 5, '2023-04-29 03:37:18', '2023-04-29 03:37:18'),
(115, 40, 'Winfield Gulgowski', 'Id vel tenetur laborum aut et et. Fugiat aut earum recusandae sit voluptatem soluta. In velit voluptatem quas incidunt dicta et. Atque in ducimus maiores.', 4, '2023-04-29 03:37:18', '2023-04-29 03:37:18'),
(116, 40, 'Mr. Rhiannon Mueller Jr.', 'Magnam accusamus et maiores id ex rerum ratione. Labore explicabo mollitia voluptas cupiditate illo qui culpa. Nihil sequi aut eaque dolores voluptatem est voluptas.', 2, '2023-04-29 03:37:18', '2023-04-29 03:37:18'),
(117, 19, 'Dortha Simonis Jr.', 'Animi voluptas velit rerum voluptates. Fuga temporibus culpa rerum perspiciatis esse rem.', 4, '2023-04-29 03:37:18', '2023-04-29 03:37:18'),
(118, 50, 'Alexzander Champlin Sr.', 'Nostrum in perferendis reprehenderit nemo est. Consequatur dicta animi eaque quam maxime cum. Consequuntur amet dicta nisi dolorem.', 1, '2023-04-29 03:37:18', '2023-04-29 03:37:18'),
(119, 9, 'Angelica Schmidt', 'Magnam ipsa ea mollitia consequatur. Perferendis excepturi dolorum qui occaecati. Sapiente voluptatibus sit beatae omnis aliquid nostrum. Et impedit voluptatem omnis atque quidem voluptatem voluptas dolores.', 4, '2023-04-29 03:37:18', '2023-04-29 03:37:18'),
(120, 10, 'Prof. Berta White Jr.', 'Neque provident ut in nam totam voluptatem. Aut quas dolorem vero et quod sunt omnis. Rerum suscipit veritatis perspiciatis dolor. Eum laudantium facere aut quo minus suscipit neque.', 4, '2023-04-29 03:37:18', '2023-04-29 03:37:18'),
(121, 9, 'Ms. Aliya Bauch', 'Id ut autem saepe et dolore adipisci unde. Doloremque aut sed ex provident qui. Voluptatem eum ut et qui.', 0, '2023-04-29 03:37:18', '2023-04-29 03:37:18'),
(122, 8, 'Mrs. Maxie Hahn IV', 'Qui vel nam vitae reiciendis rerum eos fugit iste. Asperiores iure consequatur ipsa recusandae doloribus voluptatem. Quaerat voluptatum autem aspernatur quia et facere quisquam.', 3, '2023-04-29 03:37:18', '2023-04-29 03:37:18'),
(123, 49, 'Derick Haag', 'Velit voluptas tempore doloremque amet. Optio et illum architecto eveniet nemo. Iusto doloribus ut dolores ea.', 2, '2023-04-29 03:37:18', '2023-04-29 03:37:18'),
(124, 33, 'Quincy Morissette V', 'Aliquam velit qui provident dolorum omnis officia voluptatem. Quos culpa sunt voluptate molestiae pariatur et. Suscipit eum rerum est dolor nobis voluptatem. Id officia harum odio iure deleniti sunt esse.', 2, '2023-04-29 03:37:18', '2023-04-29 03:37:18'),
(125, 16, 'Ettie Mayer', 'Delectus tempora non eum. Dolores quia ab quis ex repellat. Dolorem necessitatibus laborum incidunt quibusdam velit.', 2, '2023-04-29 03:37:18', '2023-04-29 03:37:18'),
(126, 44, 'Sallie Rutherford I', 'Consequatur dolores ut iure. Velit ut id velit culpa voluptas blanditiis. Quidem ipsum recusandae occaecati et et rerum.', 2, '2023-04-29 03:37:18', '2023-04-29 03:37:18'),
(127, 32, 'Mr. Stephon Dickinson', 'Aut eius consequatur optio velit ullam. Deserunt ea et non neque. Facere veniam saepe consectetur nihil iusto.', 1, '2023-04-29 03:37:18', '2023-04-29 03:37:18'),
(128, 30, 'Raven Runte Sr.', 'Veritatis esse laborum sequi voluptatem. Ipsam nulla dignissimos sint sed. Dolorum voluptatem et libero incidunt. Culpa voluptatum voluptas qui eveniet cumque ducimus dolor.', 2, '2023-04-29 03:37:18', '2023-04-29 03:37:18'),
(129, 23, 'Mrs. Damaris Kirlin PhD', 'Facere ipsa similique perspiciatis. Modi accusamus qui facilis nemo rerum libero qui numquam. Expedita autem vel quia ipsa veniam et. Quia ducimus quas provident beatae aperiam.', 1, '2023-04-29 03:37:18', '2023-04-29 03:37:18'),
(130, 28, 'Mrs. Lysanne Breitenberg', 'Consequatur qui quis non ut ut sint ut adipisci. Culpa ut amet facilis a ut. Quo possimus ipsam ut veritatis cum.', 4, '2023-04-29 03:37:18', '2023-04-29 03:37:18'),
(131, 9, 'Enola Bernier MD', 'Necessitatibus aspernatur et harum iste. Voluptas labore sunt temporibus. Possimus repellat repellat possimus dolore nihil et nobis.', 0, '2023-04-29 03:37:18', '2023-04-29 03:37:18'),
(132, 24, 'Alanna Yundt', 'Consequatur amet praesentium laboriosam laborum magnam. Est qui enim et libero. Facilis non et sit molestias illum sint ut. Perspiciatis in excepturi et tempora qui praesentium atque.', 1, '2023-04-29 03:37:18', '2023-04-29 03:37:18'),
(133, 35, 'Mollie Tremblay', 'Autem tempore quia maxime tenetur sit rerum veniam. Provident ut officia natus rem eveniet ipsam consectetur. Sunt quia officia quia quas rerum temporibus.', 3, '2023-04-29 03:37:18', '2023-04-29 03:37:18'),
(134, 8, 'Madaline Mosciski', 'Voluptates quae aut deserunt alias amet. Sed minus quaerat voluptas architecto nisi. Quo placeat doloremque vel quia. Illo veniam fuga est saepe eius.', 0, '2023-04-29 03:37:18', '2023-04-29 03:37:18'),
(135, 17, 'Mr. Kellen Reichert', 'Facilis quidem rerum aut minus earum ex asperiores. Nesciunt unde quia rem qui sit dolorem.', 4, '2023-04-29 03:37:18', '2023-04-29 03:37:18'),
(136, 38, 'Daron Wintheiser', 'Consequatur sit eaque consectetur. Ipsum non non officiis porro dolore deleniti. Officia totam rerum et explicabo culpa. Ut dignissimos ratione repellat magnam qui sit ipsum.', 4, '2023-04-29 03:37:18', '2023-04-29 03:37:18'),
(137, 37, 'Prof. Hoyt Barton V', 'Ex et voluptas asperiores natus soluta. Dolores accusantium voluptatem ipsum sed temporibus possimus. Nostrum beatae recusandae sint veritatis magnam quo optio. Eaque aut qui exercitationem quasi.', 5, '2023-04-29 03:37:18', '2023-04-29 03:37:18'),
(138, 9, 'Lily Monahan', 'Aut eius cupiditate est quibusdam. Quia est qui voluptatibus minus dolores facere fugiat. Dolores rerum eum amet omnis eum. Repellendus inventore non atque.', 4, '2023-04-29 03:37:18', '2023-04-29 03:37:18'),
(139, 17, 'Demetris Williamson', 'Et incidunt iste molestiae et quis. Facilis molestias eos cumque voluptates corporis officiis. Reiciendis atque reiciendis maxime eaque aut qui.', 4, '2023-04-29 03:37:18', '2023-04-29 03:37:18'),
(140, 34, 'Steve Schmidt', 'Quia quis consequatur cumque occaecati. Pariatur sapiente blanditiis sed. Voluptatem libero autem iure et.', 2, '2023-04-29 03:37:18', '2023-04-29 03:37:18'),
(141, 45, 'Lavina Willms', 'Odio aliquam ut sit accusamus odio nesciunt quidem et. Maiores in ab magni est. Atque est ut necessitatibus.', 2, '2023-04-29 03:37:18', '2023-04-29 03:37:18'),
(142, 34, 'Mr. Emil Bernhard PhD', 'Odio est quis esse reiciendis est voluptatem molestias. Et laboriosam est quae et voluptas repellat. Voluptas rerum molestiae neque fugiat. Enim ducimus repellendus tempore voluptatem deleniti laudantium quod.', 2, '2023-04-29 03:37:18', '2023-04-29 03:37:18'),
(143, 2, 'Prof. Vickie Feil PhD', 'Maiores dolore rem optio eveniet. Maxime illo impedit et. Enim non nemo dolor ad consequuntur commodi ut. Nihil amet explicabo aperiam consectetur consequatur. Doloribus ipsam quidem ipsum deserunt nulla.', 2, '2023-04-29 03:37:18', '2023-04-29 03:37:18'),
(144, 13, 'Prof. Corbin Kunde', 'Quia error assumenda odit et dicta. Dolorum rerum pariatur aliquam eveniet soluta perferendis itaque aspernatur. Rerum quia non suscipit in. Pariatur excepturi voluptas quidem aperiam autem. Voluptas et ut nostrum atque.', 4, '2023-04-29 03:37:18', '2023-04-29 03:37:18'),
(145, 17, 'Wyatt Runte II', 'Ad fuga deleniti et molestiae fugiat. Ea voluptatem excepturi quia dolores quia eos quae porro. Eaque totam ipsum dolorem quisquam nostrum laborum amet. Quod eum facere veritatis perferendis et repudiandae.', 3, '2023-04-29 03:37:18', '2023-04-29 03:37:18'),
(146, 16, 'Ted Goyette', 'Non voluptas velit veniam aut. Ullam alias eum aut delectus sed dolore blanditiis. Similique excepturi maiores facilis rerum voluptatibus nihil. Repellendus eos impedit quisquam quia inventore ut quae dolor.', 1, '2023-04-29 03:37:18', '2023-04-29 03:37:18'),
(147, 25, 'Dorothea Beier', 'Est qui molestias reiciendis ut sit nostrum aspernatur. Velit cum dolore illo quae. Sunt quibusdam et asperiores temporibus. Enim aut ullam labore numquam recusandae doloremque.', 4, '2023-04-29 03:37:18', '2023-04-29 03:37:18'),
(148, 31, 'Elta O\'Hara', 'Magni quis sit maxime est. Impedit ut odio iste natus ullam fugiat illum. Rerum autem dolores quo atque.', 3, '2023-04-29 03:37:18', '2023-04-29 03:37:18'),
(149, 12, 'Keith Huels', 'Qui laboriosam quibusdam est quas tempora sed eos. Eaque voluptatem doloribus quo sit. A ut at sed dolor.', 4, '2023-04-29 03:37:18', '2023-04-29 03:37:18'),
(150, 33, 'Leonora Prosacco', 'Doloremque debitis vel asperiores eligendi quia. Atque quibusdam sunt corporis non fugit vel commodi. Mollitia explicabo ipsam est libero nobis accusamus.', 5, '2023-04-29 03:37:18', '2023-04-29 03:37:18'),
(151, 23, 'Jed Littel', 'Quo aut sapiente fuga placeat occaecati rerum. Veniam ad aut id consequatur veritatis itaque. Numquam sunt inventore ea.', 1, '2023-04-29 03:37:18', '2023-04-29 03:37:18'),
(152, 44, 'Harvey Maggio', 'Asperiores libero voluptatem quo debitis consequatur. Earum neque laborum in fugiat maxime assumenda maiores dolorum. Esse eos necessitatibus aut eum.', 3, '2023-04-29 03:37:18', '2023-04-29 03:37:18'),
(153, 1, 'Mrs. Maryjane O\'Hara V', 'Labore aperiam cupiditate qui nisi vero. Cupiditate et libero aperiam voluptatibus. Quos optio dignissimos illo laborum.', 1, '2023-04-29 03:37:18', '2023-04-29 03:37:18'),
(154, 14, 'Mr. Javon Block III', 'Tenetur placeat iure incidunt doloribus porro quo sunt. Occaecati et cum iusto sit omnis ut perferendis. Est repellat neque culpa ea tempora. Laudantium voluptatem odio eos voluptatem. Ipsam et quo illo qui laborum repudiandae consequatur.', 1, '2023-04-29 03:37:18', '2023-04-29 03:37:18'),
(155, 47, 'Lolita Dooley MD', 'Nostrum amet ut omnis qui. Voluptatem quod possimus molestias ea aperiam velit. Qui non autem mollitia saepe iste.', 2, '2023-04-29 03:37:18', '2023-04-29 03:37:18'),
(156, 27, 'Mr. Ward Kuvalis I', 'Ad dolorem quia expedita sit. Dolores pariatur dolorum voluptatem veniam voluptatem est. Nihil est neque earum sed quae. Hic saepe reprehenderit nisi praesentium.', 2, '2023-04-29 03:37:18', '2023-04-29 03:37:18'),
(157, 38, 'Dr. Jaquan Moen', 'Enim in quia quia voluptatem. Consequatur ut quo et vel distinctio voluptate qui enim. Est aut dolor quia iste dolorem impedit. Commodi esse voluptatem nemo eveniet qui sed maiores ut.', 0, '2023-04-29 03:37:18', '2023-04-29 03:37:18'),
(158, 45, 'Reyna Sawayn', 'Dolor a quam vero. In consectetur minima qui. Quis ipsum dolor architecto nemo.', 5, '2023-04-29 03:37:18', '2023-04-29 03:37:18'),
(159, 47, 'Burley Jakubowski', 'Repellendus doloribus enim ut laudantium est natus. Quia facilis quisquam accusantium dignissimos. Placeat quia voluptate voluptatem ipsum placeat velit qui.', 2, '2023-04-29 03:37:18', '2023-04-29 03:37:18'),
(160, 30, 'Reagan Miller', 'Consequatur voluptatem ut magni possimus. Dignissimos illo nam repudiandae dolorem facere optio. Esse et perspiciatis hic.', 4, '2023-04-29 03:37:18', '2023-04-29 03:37:18'),
(161, 13, 'Ashlee Emmerich', 'Ut vitae amet hic sit eum qui non. Animi fugiat aliquid voluptates voluptate excepturi mollitia. Illo suscipit rerum officia culpa temporibus explicabo sit. Sint placeat rerum nobis veniam autem ut.', 5, '2023-04-29 03:37:18', '2023-04-29 03:37:18'),
(162, 3, 'Andreane Hills DDS', 'Praesentium dicta beatae vel id delectus in illum. Animi fugiat consequatur esse consectetur dolores ipsum nostrum. Natus iure porro est tempore voluptas quia consequatur.', 1, '2023-04-29 03:37:18', '2023-04-29 03:37:18'),
(163, 11, 'Ellie O\'Hara III', 'Nemo voluptatum in vel dolorem ut. Magnam facilis iure magnam aut. Nesciunt aut officia repellat.', 5, '2023-04-29 03:37:18', '2023-04-29 03:37:18'),
(164, 47, 'Frida Crooks', 'Natus numquam qui optio voluptatum ratione. Dolorum aut culpa ut dolor asperiores nobis sint. Numquam sapiente tempore modi maxime molestias.', 0, '2023-04-29 03:37:18', '2023-04-29 03:37:18'),
(165, 41, 'Dr. Barrett Muller MD', 'Dignissimos molestiae vel provident cupiditate vel. Illo eveniet doloribus eius. Aut iusto modi fuga quis cupiditate consequatur laudantium. Voluptatibus qui laudantium sequi eaque quia consequuntur illo voluptatem.', 2, '2023-04-29 03:37:18', '2023-04-29 03:37:18'),
(166, 46, 'Ronaldo Cruickshank', 'Consequatur natus temporibus aliquam temporibus aut debitis et est. Consequuntur ipsam sit animi qui est temporibus minima. Pariatur et eos dolor soluta sunt omnis delectus est. Esse itaque vitae nihil dolores. Alias voluptatum libero rerum ducimus eius voluptatem.', 4, '2023-04-29 03:37:18', '2023-04-29 03:37:18'),
(167, 47, 'Betty Adams', 'Vero sed fugiat maxime necessitatibus corrupti sunt non occaecati. Quia culpa sunt esse incidunt ipsa sit. Ipsa sequi quo id fugit quaerat dolor.', 1, '2023-04-29 03:37:18', '2023-04-29 03:37:18'),
(168, 21, 'Alphonso Roberts', 'Recusandae numquam consequuntur commodi molestiae sunt autem fuga. Officia sint non eius. Ut repudiandae nisi sint quos recusandae. Nihil occaecati possimus natus delectus odio.', 3, '2023-04-29 03:37:18', '2023-04-29 03:37:18'),
(169, 19, 'Kari Collier', 'Maiores autem illo debitis accusantium atque nesciunt. Veritatis qui nulla sapiente quam magni temporibus. Ipsa provident enim dolore. Ducimus itaque beatae necessitatibus enim beatae.', 0, '2023-04-29 03:37:18', '2023-04-29 03:37:18'),
(170, 7, 'Dr. Colby Weissnat III', 'Magni provident totam perferendis voluptatum est est enim. Cumque et consequuntur qui. Repellendus exercitationem eos dolorum voluptates magni. Non sit reprehenderit quibusdam dolorem neque.', 0, '2023-04-29 03:37:18', '2023-04-29 03:37:18'),
(171, 31, 'Caleigh Fisher', 'Voluptatem expedita ab dicta maiores. Sint veniam explicabo ut molestias quia doloribus quaerat. Et tenetur autem facilis sint dolores iusto vel.', 0, '2023-04-29 03:37:18', '2023-04-29 03:37:18'),
(172, 19, 'Dr. Ladarius Greenholt', 'Voluptatem doloremque ut sit. Consequatur est unde voluptatum expedita. Consectetur et id consequatur dignissimos. Consequatur dolores aliquid facere nihil libero tempore error.', 0, '2023-04-29 03:37:18', '2023-04-29 03:37:18'),
(173, 16, 'Aubrey Gleason', 'Distinctio velit assumenda est vitae et eaque. Expedita ut laborum numquam. Rerum possimus maiores ut sint fugit voluptate.', 1, '2023-04-29 03:37:18', '2023-04-29 03:37:18'),
(174, 40, 'Lamar Rice', 'Et harum aspernatur dolor facere quia. Dolor et qui excepturi qui ea quis sunt temporibus. Autem repudiandae sunt doloremque autem. Minus nobis deleniti aliquid aperiam.', 4, '2023-04-29 03:37:18', '2023-04-29 03:37:18'),
(175, 3, 'Estelle Zulauf', 'Nisi tempore et excepturi. Temporibus et voluptate distinctio sed ex similique repellendus. Aspernatur fugit rerum ut vero velit. A vel molestias dolore pariatur in sed.', 2, '2023-04-29 03:37:18', '2023-04-29 03:37:18'),
(176, 11, 'Dr. Rico Glover', 'Odio in totam voluptatem iure sint omnis. Et exercitationem repellendus eum ad quia. Eos facilis temporibus ipsum mollitia quaerat quisquam. Possimus eaque rerum voluptatem libero.', 3, '2023-04-29 03:37:18', '2023-04-29 03:37:18'),
(177, 40, 'Dr. Madilyn Bruen', 'Quia culpa ipsam illum quae. Rerum maiores aut quo ab vitae delectus. Nostrum doloremque deleniti ut est incidunt corrupti fuga voluptatem. Quidem natus et voluptas.', 1, '2023-04-29 03:37:18', '2023-04-29 03:37:18'),
(178, 41, 'Carolina DuBuque', 'Accusamus in voluptas ut maiores maxime nulla. Doloribus nesciunt temporibus dignissimos eum eos. Excepturi asperiores quia quae dolorem expedita assumenda. Veniam non ratione vel accusantium.', 3, '2023-04-29 03:37:18', '2023-04-29 03:37:18'),
(179, 49, 'Kieran Daniel', 'Labore quibusdam aut dignissimos enim nam. Illo architecto facere hic vitae eos et. Sint quod nulla et in vel similique.', 3, '2023-04-29 03:37:18', '2023-04-29 03:37:18'),
(180, 34, 'Anna Daniel', 'Quis fuga eaque enim aliquid ex nesciunt eligendi blanditiis. Quaerat ut placeat inventore aliquid rerum vel. Earum sed praesentium expedita qui dolor ut consectetur repellat. Enim distinctio harum sunt dolorum.', 2, '2023-04-29 03:37:18', '2023-04-29 03:37:18'),
(181, 35, 'Ivy Erdman', 'Libero velit voluptas ut quam. Quia vel eaque dolor itaque non. Quo sed rem ut non veniam sit. Nesciunt ut aperiam sunt ut.', 2, '2023-04-29 03:37:18', '2023-04-29 03:37:18'),
(182, 4, 'Koby Abernathy', 'Quibusdam officia inventore dolorem consequatur. Nihil placeat explicabo magni voluptatem. Nesciunt ipsum aliquid illo quia. Tempora vel accusantium soluta cumque iusto quia blanditiis tempora.', 5, '2023-04-29 03:37:18', '2023-04-29 03:37:18'),
(183, 12, 'Pauline Lowe', 'Velit dolor odit voluptas ea. Distinctio molestias id nisi alias. Aliquid neque dicta quo ipsa. Qui ipsum et assumenda.', 4, '2023-04-29 03:37:18', '2023-04-29 03:37:18'),
(184, 18, 'Agnes Walker', 'Quisquam illum non sit. Accusamus est iure qui qui sed. Inventore a sunt eum rerum rem dolorum quis.', 4, '2023-04-29 03:37:18', '2023-04-29 03:37:18'),
(185, 3, 'Mr. Domingo Kassulke', 'Quo sint ex ut perspiciatis. Minima officia quibusdam placeat maxime quaerat sed. Et atque optio possimus tenetur inventore. Occaecati optio ipsum quos voluptas sunt eligendi fuga iure.', 2, '2023-04-29 03:37:18', '2023-04-29 03:37:18'),
(186, 20, 'Cristobal Kozey', 'Autem sunt aut fuga non et modi rerum. Nobis laboriosam suscipit beatae omnis veritatis. Occaecati suscipit occaecati inventore illum maiores iste voluptas.', 0, '2023-04-29 03:37:18', '2023-04-29 03:37:18'),
(187, 22, 'Dr. Brisa Cole', 'Ut consequatur non rerum illum voluptas et velit non. Sapiente possimus beatae quia nobis eaque. Reiciendis accusantium sed perferendis rerum omnis. Iste voluptate sed facere non maxime laboriosam quia sit.', 2, '2023-04-29 03:37:18', '2023-04-29 03:37:18'),
(188, 15, 'Tanner Nicolas', 'Similique asperiores omnis illo amet ea incidunt non quia. Voluptatem nesciunt itaque nisi saepe. Inventore nam et eos minima impedit.', 4, '2023-04-29 03:37:18', '2023-04-29 03:37:18'),
(189, 31, 'Lizzie Cremin', 'Nesciunt ut eius exercitationem corporis. Doloremque asperiores fugiat quos quidem cupiditate totam. Illo ut doloremque amet veniam a deleniti nisi nobis.', 3, '2023-04-29 03:37:18', '2023-04-29 03:37:18'),
(190, 19, 'Mr. Jarod Breitenberg', 'Autem totam animi qui est similique nihil ratione. Et sequi ullam eum. Nemo explicabo dicta laboriosam voluptatem sequi. Et nihil qui explicabo.', 1, '2023-04-29 03:37:18', '2023-04-29 03:37:18'),
(191, 25, 'Enid Romaguera', 'Rerum modi quia quia provident vero quidem rerum quo. Ut qui repellat mollitia est. Reiciendis ea eos consequatur alias.', 2, '2023-04-29 03:37:18', '2023-04-29 03:37:18'),
(192, 19, 'Ms. Shakira Marquardt DDS', 'Vitae non est ducimus voluptatem alias debitis ab molestiae. Dolore repellat accusamus perferendis eos cum. Et sint quod tempora sint ut.', 1, '2023-04-29 03:37:18', '2023-04-29 03:37:18'),
(193, 1, 'Uriah Rempel', 'Ea quis blanditiis et voluptatibus. Aut et vel numquam sit quia magnam est. Omnis eius impedit laborum animi deserunt quis.', 0, '2023-04-29 03:37:18', '2023-04-29 03:37:18'),
(194, 31, 'Alize Stiedemann', 'Laboriosam aliquam enim inventore non et modi eos. Illo id mollitia corporis eveniet cupiditate. Et voluptatem porro perferendis eveniet repudiandae.', 4, '2023-04-29 03:37:18', '2023-04-29 03:37:18'),
(195, 16, 'Noble Mayer', 'Occaecati nisi incidunt odit dolores. Qui ipsum modi delectus. Soluta ullam animi nemo itaque et harum nulla.', 3, '2023-04-29 03:37:18', '2023-04-29 03:37:18'),
(196, 48, 'Vaughn Mohr', 'Magnam et aliquid non. Provident perferendis recusandae at dolorem voluptatibus sit est. Nisi voluptas nihil iure sunt aut assumenda quis. Vel enim maiores minus quae atque.', 2, '2023-04-29 03:37:18', '2023-04-29 03:37:18'),
(197, 50, 'Jannie Price', 'At illum quia ratione eum vel. Voluptatibus iusto ex dignissimos et. Consequatur rerum in cumque voluptas.', 3, '2023-04-29 03:37:18', '2023-04-29 03:37:18'),
(198, 12, 'Bernita Ledner', 'Dolore aspernatur omnis commodi odit architecto saepe. Aut doloribus voluptatem nemo tempore a. Ipsa nulla vero voluptatem minus. Earum nisi magni non iste sunt.', 5, '2023-04-29 03:37:18', '2023-04-29 03:37:18'),
(199, 38, 'Geovanny Weimann V', 'Recusandae cum quibusdam consectetur ad alias saepe ea. Qui dolorem non repudiandae nam nihil doloribus et. Velit ad illum et numquam saepe est. Quisquam quisquam numquam itaque reprehenderit illum.', 3, '2023-04-29 03:37:18', '2023-04-29 03:37:18'),
(200, 17, 'Maegan McCullough', 'Est omnis id incidunt fugiat. Distinctio soluta atque eum est ut quo a. Praesentium ut voluptas enim cum veniam accusamus deleniti.', 4, '2023-04-29 03:37:18', '2023-04-29 03:37:18'),
(201, 5, 'Zoila Spencer', 'Nobis voluptatem sapiente cum omnis qui in. Voluptas natus earum enim veniam saepe cum impedit. Dignissimos neque soluta maxime eligendi ea iste atque. Facere pariatur illo molestias eos.', 1, '2023-04-29 03:37:18', '2023-04-29 03:37:18'),
(202, 42, 'Dr. Jason Durgan', 'Laborum ea ullam minus perferendis quibusdam. Ad aliquam adipisci quasi qui. Ut aut non alias voluptate ut error soluta. Error quia sed illum voluptas optio culpa vel.', 1, '2023-04-29 03:37:18', '2023-04-29 03:37:18'),
(203, 22, 'Kelly Abbott', 'Ut reiciendis quam commodi illum reiciendis rerum. Velit sit similique at omnis omnis in incidunt. Beatae quo est dicta sequi dolorem facilis. In magni voluptas cupiditate consectetur voluptas est totam.', 3, '2023-04-29 03:37:18', '2023-04-29 03:37:18'),
(204, 20, 'Prof. Sim Boyle', 'Tempore veritatis explicabo est dignissimos qui. Ipsa consequatur et natus fugit aut.', 3, '2023-04-29 03:37:18', '2023-04-29 03:37:18'),
(205, 10, 'Ahmad Goodwin', 'Minima temporibus velit omnis sunt consequuntur rerum. Alias distinctio cupiditate vel et omnis iusto voluptatibus. Perspiciatis ea in laboriosam dicta dicta.', 0, '2023-04-29 03:37:18', '2023-04-29 03:37:18'),
(206, 39, 'Jennifer Botsford', 'Dolores necessitatibus voluptas ea voluptatem ea neque. Soluta distinctio exercitationem nihil. Neque quod minus ea in reprehenderit consectetur qui tempore. Sint dolores maxime soluta et accusamus.', 2, '2023-04-29 03:37:18', '2023-04-29 03:37:18');
INSERT INTO `reviews` (`id`, `product_id`, `customer`, `review`, `star`, `created_at`, `updated_at`) VALUES
(207, 37, 'Dr. Orlando Schmitt', 'Earum totam recusandae est explicabo deleniti. Voluptates inventore totam quisquam adipisci reiciendis est. Eos doloremque esse harum voluptas id at exercitationem. Nisi qui eum voluptatem dolores explicabo illum.', 1, '2023-04-29 03:37:18', '2023-04-29 03:37:18'),
(208, 20, 'Dr. Owen Mitchell III', 'Quisquam iure qui exercitationem maiores. Dignissimos earum consequatur fugit voluptatem et odio. Atque sed dolorem voluptatem possimus cumque accusantium nesciunt.', 4, '2023-04-29 03:37:18', '2023-04-29 03:37:18'),
(209, 39, 'Mustafa Cremin', 'Quae illo cumque fugit aut minus natus. Nemo corporis qui mollitia sit iure eveniet. Reprehenderit rerum rem pariatur enim.', 1, '2023-04-29 03:37:18', '2023-04-29 03:37:18'),
(210, 8, 'Claude Barrows', 'Non in quisquam earum sunt. Nobis iure culpa rerum repudiandae recusandae optio est. Voluptatem beatae accusamus animi veniam et suscipit et praesentium. Quas tenetur iure ullam ut.', 0, '2023-04-29 03:37:18', '2023-04-29 03:37:18'),
(211, 6, 'Gavin Bahringer', 'Nulla reprehenderit qui ut culpa quia eos quae. Omnis hic et sed. Numquam possimus qui autem totam itaque aliquid maxime. Vero est et provident suscipit amet.', 5, '2023-04-29 03:37:18', '2023-04-29 03:37:18'),
(212, 33, 'Lenora Schneider', 'Voluptate quam vitae eligendi natus vel. Et dolores a earum dolor quibusdam molestiae quasi. Suscipit et dicta fuga excepturi. Atque corrupti in eum qui optio quia.', 0, '2023-04-29 03:37:18', '2023-04-29 03:37:18'),
(213, 46, 'Kameron Douglas', 'Velit facilis sed quod harum quis. Ullam neque aut autem non voluptatibus recusandae cupiditate. Fuga aut laboriosam tempora ut dignissimos.', 5, '2023-04-29 03:37:18', '2023-04-29 03:37:18'),
(214, 28, 'Abigayle Hahn', 'At explicabo qui ipsum vero. Possimus provident amet nemo qui hic voluptas maiores odio. Totam dolorem vel quo dolore.', 1, '2023-04-29 03:37:18', '2023-04-29 03:37:18'),
(215, 49, 'Rozella Boyer', 'Est ab voluptatem consequatur accusamus et. Voluptas sunt at omnis laborum perspiciatis et amet. Aut dolores suscipit voluptas mollitia.', 2, '2023-04-29 03:37:18', '2023-04-29 03:37:18'),
(216, 17, 'Silas Gislason', 'Aut recusandae laborum dicta culpa at occaecati veritatis asperiores. Fuga doloremque placeat impedit accusantium minus consequatur fuga ea. Sed quis fugiat deleniti et. Quas ipsum adipisci iure delectus aut quo.', 5, '2023-04-29 03:37:18', '2023-04-29 03:37:18'),
(217, 35, 'Raven Grady DVM', 'Nihil ea tempore nulla eos laboriosam accusantium iste in. Voluptatum tenetur consequatur ullam numquam quisquam totam molestiae.', 3, '2023-04-29 03:37:18', '2023-04-29 03:37:18'),
(218, 6, 'Cordie Weimann', 'Dolor assumenda sapiente quos blanditiis eaque id ut. Quia ut et omnis. Nihil voluptas sit unde est dolor. Quia harum alias ut facere voluptatem.', 5, '2023-04-29 03:37:18', '2023-04-29 03:37:18'),
(219, 28, 'Emmy Boyle', 'Reprehenderit amet quasi fugit quia perferendis occaecati rerum. Laudantium quis odio et officiis earum quod rerum accusantium. Pariatur maxime ea omnis officiis. Voluptatem quo tempore delectus velit dolorem asperiores exercitationem odit.', 2, '2023-04-29 03:37:18', '2023-04-29 03:37:18'),
(220, 19, 'Kayley Reynolds I', 'Vitae consectetur consequuntur possimus. Beatae et eos ipsam voluptate. Minus vel maiores nihil aut omnis minima. Doloribus unde eum necessitatibus in. Autem deserunt ut aliquid laudantium vel dolores eaque nam.', 2, '2023-04-29 03:37:18', '2023-04-29 03:37:18'),
(221, 13, 'Maxime Runte', 'Enim dolores eum sint voluptatem suscipit dolores laborum. Est assumenda cum voluptatibus iure quia velit quia. Voluptatum molestiae qui voluptate dolores qui explicabo.', 1, '2023-04-29 03:37:18', '2023-04-29 03:37:18'),
(222, 9, 'Quinten Witting', 'Qui adipisci odit tenetur. Molestiae et saepe eos labore dolores iste corrupti vero. Saepe repudiandae aliquam est ea perspiciatis. Qui quas maiores ab tenetur.', 0, '2023-04-29 03:37:18', '2023-04-29 03:37:18'),
(223, 13, 'Joan Tromp', 'Sint vero rerum quam. Cum amet sit cum nobis. Voluptatibus et assumenda quibusdam. Vitae minus nulla adipisci at quis.', 1, '2023-04-29 03:37:18', '2023-04-29 03:37:18'),
(224, 5, 'Johnny Fritsch', 'Quia quia aut sed. Dolore repellendus mollitia ut assumenda enim. Inventore excepturi et qui ut provident. Placeat voluptas et autem quis.', 4, '2023-04-29 03:37:18', '2023-04-29 03:37:18'),
(225, 10, 'Mr. Regan Hintz', 'Recusandae ea veniam repellat ut voluptas voluptas porro. Harum quam praesentium accusamus incidunt dolor harum illo. Voluptas doloribus labore velit dolorem voluptates quia neque inventore. Voluptatum molestiae animi fugiat voluptas voluptatum.', 1, '2023-04-29 03:37:18', '2023-04-29 03:37:18'),
(226, 1, 'Rahsaan Rolfson DVM', 'Facilis voluptate laboriosam quia et molestiae ut. Omnis quia neque est ut id nesciunt.', 4, '2023-04-29 03:37:18', '2023-04-29 03:37:18'),
(227, 20, 'Jada Kuhlman', 'Labore vel quasi facilis voluptatem consequuntur soluta aut. Est quo ullam sunt tenetur sit quae quos. Ut itaque sint voluptas sapiente qui.', 3, '2023-04-29 03:37:18', '2023-04-29 03:37:18'),
(228, 30, 'Prof. Tressa Crist IV', 'Expedita est soluta neque ut quia quibusdam aut veniam. Harum ut non sed quo vitae mollitia. Ad et et hic voluptatem tenetur impedit eius.', 0, '2023-04-29 03:37:18', '2023-04-29 03:37:18'),
(229, 17, 'Leonardo Torphy', 'Rem non error voluptatum quis ab voluptas. Qui excepturi voluptatem deserunt aut nihil. Praesentium vero odio libero officia ipsa.', 1, '2023-04-29 03:37:18', '2023-04-29 03:37:18'),
(230, 5, 'Aditya Haley', 'A rerum sequi et id natus ea odio. Ut assumenda aperiam ut omnis voluptas recusandae suscipit sit.', 2, '2023-04-29 03:37:18', '2023-04-29 03:37:18'),
(231, 28, 'Jaeden Kuvalis', 'Cum qui necessitatibus earum earum rem illum sapiente. Rerum quisquam dolor sint praesentium cum. Dolorem cumque sapiente consequatur necessitatibus facere.', 2, '2023-04-29 03:37:18', '2023-04-29 03:37:18'),
(232, 24, 'Mose Prohaska', 'Incidunt consectetur autem itaque delectus beatae. Quibusdam modi tempora illo. Perferendis animi eos et sit blanditiis.', 5, '2023-04-29 03:37:18', '2023-04-29 03:37:18'),
(233, 19, 'Reagan Altenwerth III', 'Est minima quidem rem aspernatur quia minus et. Incidunt aliquam et eum consectetur veritatis officiis nostrum qui.', 2, '2023-04-29 03:37:18', '2023-04-29 03:37:18'),
(234, 17, 'Rudolph Jerde', 'Aut voluptatem asperiores omnis minima esse. Dolor sunt minus a architecto omnis dolores explicabo voluptatem. Debitis rerum velit quos.', 0, '2023-04-29 03:37:18', '2023-04-29 03:37:18'),
(235, 26, 'Ms. Princess Legros Sr.', 'Qui illo ea quis enim enim natus. Sed laudantium nemo est est repellendus quia sunt.', 5, '2023-04-29 03:37:18', '2023-04-29 03:37:18'),
(236, 32, 'Darron Wilkinson III', 'Necessitatibus enim aliquam aperiam omnis. Et fuga alias provident eaque laboriosam. Saepe unde voluptas quisquam officiis. Repellat omnis magni qui. Aut exercitationem eum quos at quia est.', 2, '2023-04-29 03:37:18', '2023-04-29 03:37:18'),
(237, 16, 'Berta Hermann', 'Dolor qui quae omnis quo est earum sunt. Quia molestias et quos at mollitia quibusdam odio.', 3, '2023-04-29 03:37:18', '2023-04-29 03:37:18'),
(238, 17, 'Amara Hickle PhD', 'Consectetur quia dolores quo. Et laudantium enim nam. Voluptatem tempora est id quia veniam cum.', 1, '2023-04-29 03:37:18', '2023-04-29 03:37:18'),
(239, 8, 'Silas Gleichner', 'Aut magni ea eaque ut. Id ea officiis asperiores aspernatur. Quis placeat sunt nisi dignissimos occaecati. Sapiente a dignissimos impedit minima omnis porro dolor. Numquam deserunt ut perferendis.', 3, '2023-04-29 03:37:18', '2023-04-29 03:37:18'),
(240, 48, 'Prof. Julian Ebert DVM', 'Sint nam ad omnis sit cumque aspernatur. Ea aut omnis quo harum autem voluptatibus dolorum.', 0, '2023-04-29 03:37:18', '2023-04-29 03:37:18'),
(241, 30, 'Prof. Erika Stracke DVM', 'Aliquam eos non necessitatibus. Quas sequi ad doloribus harum est. Voluptatem consequatur totam et magni eum delectus.', 3, '2023-04-29 03:37:18', '2023-04-29 03:37:18'),
(242, 24, 'Dr. Kirk Nikolaus', 'Libero sapiente voluptatem numquam corporis. Est sed atque libero. Necessitatibus accusantium fugiat non magni culpa sit. Dolorem repellat eligendi deleniti dolorem. Tempora fugiat cum voluptatibus ut qui et.', 0, '2023-04-29 03:37:18', '2023-04-29 03:37:18'),
(243, 30, 'Prof. Sven Streich DVM', 'Qui ducimus labore soluta. Dolor quia exercitationem aspernatur ex voluptates. Illum eaque mollitia molestias ut modi. Rerum voluptatibus quae velit qui.', 2, '2023-04-29 03:37:18', '2023-04-29 03:37:18'),
(244, 37, 'Gladyce Hahn', 'Dignissimos est asperiores dolores. Et voluptatem totam qui alias. Quis possimus molestias sequi atque. Iusto illo expedita ea est quae et.', 5, '2023-04-29 03:37:18', '2023-04-29 03:37:18'),
(245, 5, 'Haylee Baumbach IV', 'Alias id sint et voluptatem deleniti est eos. Quia dolor fugiat labore eum ab perspiciatis nesciunt. Optio animi ea mollitia et.', 5, '2023-04-29 03:37:18', '2023-04-29 03:37:18'),
(246, 44, 'Queen Towne', 'Nulla repellendus aspernatur sit modi. Sequi et doloremque eligendi quis cumque. Sit est velit aut et architecto unde iure et. Animi ratione quisquam quia qui ex.', 2, '2023-04-29 03:37:18', '2023-04-29 03:37:18'),
(247, 1, 'Dalton Cremin', 'Qui ut illum in beatae omnis laborum sed. Ex tempora necessitatibus molestiae blanditiis exercitationem.', 2, '2023-04-29 03:37:18', '2023-04-29 03:37:18'),
(248, 18, 'Vincenza Bode', 'Dolorem labore sunt alias dolor repellendus. Id dolor quis molestias. Quibusdam illo inventore et et harum perspiciatis. Consequatur ipsum et dolores facere doloremque.', 4, '2023-04-29 03:37:18', '2023-04-29 03:37:18'),
(249, 16, 'Camylle Jacobi DDS', 'Ullam est quia repellendus consequatur culpa vel. Voluptatem iusto architecto eius ratione voluptatibus molestias. Rerum eos sit amet cumque cumque aspernatur ipsum.', 0, '2023-04-29 03:37:18', '2023-04-29 03:37:18'),
(250, 27, 'Zelda Kautzer', 'Vitae optio eum consequatur. Soluta nihil laboriosam natus. Repellat numquam placeat quis. Eligendi quia aliquid ducimus ut unde facilis et dolore.', 0, '2023-04-29 03:37:18', '2023-04-29 03:37:18'),
(251, 35, 'Holden O\'Reilly', 'Saepe dicta nulla doloribus. Rerum rem neque vel sed molestiae maiores et. Quod consequatur numquam accusantium tempore est sint est. Neque magni ratione ut est eveniet aut id enim. Voluptas soluta quia dignissimos minus omnis delectus.', 3, '2023-04-29 03:37:18', '2023-04-29 03:37:18'),
(252, 1, 'Reba Waters', 'Impedit ad quia accusantium nihil assumenda. Consequatur enim est suscipit autem sed numquam fugit. Dolorum itaque aperiam officia voluptatem cumque officiis molestiae.', 1, '2023-04-29 03:37:18', '2023-04-29 03:37:18'),
(253, 22, 'Ms. Elna Murray', 'Ut quia error cumque vel nemo quis. Itaque totam voluptas nisi ea. Odit non laboriosam beatae. Voluptatem officia beatae sed iusto non. Autem minus libero dolorum corporis explicabo ratione.', 5, '2023-04-29 03:37:18', '2023-04-29 03:37:18'),
(254, 45, 'Cordia Harber', 'Nam blanditiis et magnam ullam non architecto aliquam. Ea reprehenderit aliquam suscipit tempore accusamus ipsum. Ad sunt quis quisquam. Omnis placeat quam et sit commodi sit occaecati.', 5, '2023-04-29 03:37:18', '2023-04-29 03:37:18'),
(255, 50, 'Adrienne Carter', 'Sint et laudantium voluptatem consequuntur laboriosam. Ut aut ut itaque voluptas. Sit ex perferendis et omnis deserunt soluta placeat occaecati.', 4, '2023-04-29 03:37:18', '2023-04-29 03:37:18'),
(256, 35, 'Ms. Yasmeen Kuhic I', 'Sunt aperiam et vel unde. Quia sed illum et voluptatem et. Autem modi iste molestias rerum ex. Repellat odio beatae aut sit impedit illum repellat. Itaque consequatur necessitatibus odit eum corporis.', 1, '2023-04-29 03:37:18', '2023-04-29 03:37:18'),
(257, 34, 'Leanna Smith', 'Mollitia similique blanditiis eveniet vel. Impedit facere velit repellat eligendi voluptate repellat. Omnis velit dolorum non dolorum nihil qui. Et qui soluta laboriosam delectus.', 2, '2023-04-29 03:37:18', '2023-04-29 03:37:18'),
(258, 42, 'Sam Bahringer', 'Dolor in autem tenetur iste ratione tempore modi. Minus dolorem eius sed qui dolor. Et qui omnis optio aspernatur sed.', 1, '2023-04-29 03:37:18', '2023-04-29 03:37:18'),
(259, 25, 'Dr. Herbert Schroeder DDS', 'Eius ea laborum velit quis exercitationem id. Ut molestias quo necessitatibus nesciunt unde. Excepturi consequatur velit voluptatum deserunt. Autem autem quia natus similique laborum nihil.', 0, '2023-04-29 03:37:18', '2023-04-29 03:37:18'),
(260, 44, 'Catherine Effertz', 'Voluptatem dolore deleniti quas autem distinctio atque. Veniam sint at ipsum quod quo voluptas dolorem. Libero rem recusandae perferendis est accusamus provident dolores.', 1, '2023-04-29 03:37:18', '2023-04-29 03:37:18'),
(261, 21, 'Troy Morar', 'Rem et minima eum aliquid laborum. Delectus nostrum neque odit cumque. Porro corrupti ut vero eos fuga. Perspiciatis ut pariatur eos ad ut cumque corrupti.', 5, '2023-04-29 03:37:18', '2023-04-29 03:37:18'),
(262, 33, 'Owen Krajcik', 'Aut enim corporis optio adipisci itaque soluta ab nam. Aperiam aut corrupti et animi est modi.', 2, '2023-04-29 03:37:18', '2023-04-29 03:37:18'),
(263, 5, 'Prof. Austen Cassin', 'Omnis eum aut maxime rerum voluptatem. Deleniti similique non ratione non nisi architecto. A ut a voluptatem ex natus.', 4, '2023-04-29 03:37:18', '2023-04-29 03:37:18'),
(264, 35, 'Miss Mary Okuneva DVM', 'Magnam dolor quia ab repellat. Et et repellat et. Repellendus at accusamus non accusantium qui minima ut. Quasi unde praesentium error asperiores iusto.', 3, '2023-04-29 03:37:18', '2023-04-29 03:37:18'),
(265, 20, 'Miss Verlie O\'Connell II', 'Laboriosam sit itaque enim architecto quidem. Laudantium optio voluptatem sed omnis.', 3, '2023-04-29 03:37:18', '2023-04-29 03:37:18'),
(266, 46, 'Dr. Franz Fay', 'Culpa enim cumque qui sequi sunt aut eum. Porro ab accusamus in earum. Hic at et ducimus et omnis. Molestias officiis labore non sed.', 3, '2023-04-29 03:37:18', '2023-04-29 03:37:18'),
(267, 5, 'Dr. Oma Moore PhD', 'Ducimus libero et eveniet magni sit. Tempora veniam non aut consequuntur tempora aut. Quisquam sit rerum quos rerum pariatur. Debitis itaque est cumque facilis officiis fugiat architecto.', 4, '2023-04-29 03:37:18', '2023-04-29 03:37:18'),
(268, 30, 'Andrew Kihn', 'Ducimus quos quae voluptas necessitatibus occaecati soluta ipsum itaque. Sit deleniti et fugit sequi fuga et dolore. Tenetur deserunt dolorem atque aut veritatis consequuntur et. Illum cupiditate voluptatem ut nemo qui sunt.', 2, '2023-04-29 03:37:18', '2023-04-29 03:37:18'),
(269, 23, 'Ariane Hauck', 'Quo tempora nobis deserunt ea voluptatibus aut. Eos iste corporis sunt tempore. Assumenda hic minus officia. Iste et qui est accusamus qui.', 3, '2023-04-29 03:37:18', '2023-04-29 03:37:18'),
(270, 45, 'Mr. Jordy Stokes Jr.', 'Eos optio tempora molestiae delectus voluptates sed vitae. Voluptatem eum aspernatur rerum et. Maiores et doloremque fugit.', 4, '2023-04-29 03:37:18', '2023-04-29 03:37:18'),
(271, 21, 'Aaliyah Jast', 'Et laboriosam nulla tenetur quis ut et. Amet rem ullam itaque voluptatibus quidem reprehenderit qui. Doloribus est voluptatem recusandae.', 4, '2023-04-29 03:37:18', '2023-04-29 03:37:18'),
(272, 1, 'Mr. Marty Morar', 'Amet non quia omnis et culpa provident. Deserunt eos rerum ut cum. Qui quasi est voluptatem ab iusto eveniet itaque. Sit sapiente excepturi sed consequatur in minima at. Enim qui molestiae quis corrupti necessitatibus voluptas qui.', 5, '2023-04-29 03:37:18', '2023-04-29 03:37:18'),
(273, 24, 'Eldon Pfeffer', 'Numquam et quia est excepturi similique. Exercitationem sunt soluta non odit. Repudiandae sapiente hic rerum adipisci consequatur labore.', 3, '2023-04-29 03:37:18', '2023-04-29 03:37:18'),
(274, 36, 'Trey Quitzon', 'Doloremque consequatur a est maxime ipsa eum. Dolor dolorem esse optio qui sit fugit aperiam. A aliquam aperiam ducimus et sit et.', 1, '2023-04-29 03:37:18', '2023-04-29 03:37:18'),
(275, 34, 'Ms. Sharon Bahringer', 'Nisi temporibus ut aliquam at laboriosam. Eum sit earum consequatur voluptas et tenetur. Voluptate nemo ratione esse hic.', 4, '2023-04-29 03:37:18', '2023-04-29 03:37:18'),
(276, 26, 'Davon Gleason', 'Veniam delectus et quae provident incidunt dolore. Fugit aliquam id non suscipit. Libero officia sit qui pariatur odio molestiae.', 4, '2023-04-29 03:37:18', '2023-04-29 03:37:18'),
(277, 12, 'Brady Hermiston IV', 'Aliquam repudiandae minima molestiae ducimus ut accusamus. Impedit architecto culpa veritatis consequuntur ipsam mollitia repudiandae nemo. Ea eum in quaerat assumenda. Voluptates eveniet quam suscipit quis.', 1, '2023-04-29 03:37:18', '2023-04-29 03:37:18'),
(278, 29, 'Holden Pouros', 'Qui expedita architecto itaque laudantium optio. Autem dolores suscipit voluptas harum totam. Non facilis occaecati numquam repellat ullam.', 0, '2023-04-29 03:37:18', '2023-04-29 03:37:18'),
(279, 29, 'Miss Anissa Klein MD', 'Ad perspiciatis quo dolor. Reprehenderit deleniti enim assumenda aut fugit rerum. Qui iste natus labore et inventore voluptas omnis. Non vel deleniti et eos.', 1, '2023-04-29 03:37:18', '2023-04-29 03:37:18'),
(280, 37, 'Candice Hegmann Sr.', 'Similique vero porro dolores illo. Enim velit consequatur non at nisi. Vel illo aperiam saepe omnis sint tempore animi. Et quia at perspiciatis eius dicta et consectetur vel.', 2, '2023-04-29 03:37:18', '2023-04-29 03:37:18'),
(281, 45, 'Ms. Daniella Witting', 'Iusto aut ipsum est est eaque. Sit sint eos enim ut sit quos qui.', 1, '2023-04-29 03:37:18', '2023-04-29 03:37:18'),
(282, 14, 'Demond Konopelski DDS', 'Nihil cum est ut voluptatem accusantium. Ut necessitatibus impedit in officia ea soluta. Quas dolores aliquid consectetur. Provident et officia voluptates iusto tempore ad ipsam.', 5, '2023-04-29 03:37:18', '2023-04-29 03:37:18'),
(283, 21, 'Dr. Rickie Barrows', 'Corrupti facilis tenetur reprehenderit nulla quas. Omnis perferendis natus ut. Vero odio repellat eos possimus fugit minus.', 0, '2023-04-29 03:37:18', '2023-04-29 03:37:18'),
(284, 26, 'Estelle Crona', 'Repellat et adipisci at et libero aut. Repellat molestias quia molestiae deleniti cumque nemo. Non distinctio et esse sit omnis maiores tempora eveniet. Soluta impedit at ea quibusdam et tenetur.', 3, '2023-04-29 03:37:18', '2023-04-29 03:37:18'),
(285, 13, 'Kenna Purdy', 'Consectetur assumenda ut et qui consequuntur molestiae. Provident sed eaque sit. Ut eos optio dolore. Est unde sed mollitia esse quas quaerat quibusdam aut.', 3, '2023-04-29 03:37:18', '2023-04-29 03:37:18'),
(286, 35, 'Antonia Crist', 'Harum atque ea et voluptates velit sunt. Reiciendis corporis sit voluptatibus est commodi. Odit deleniti ut et facere eligendi architecto molestiae.', 0, '2023-04-29 03:37:18', '2023-04-29 03:37:18'),
(287, 27, 'Miss Sophia Rolfson', 'Excepturi occaecati veritatis necessitatibus illum veniam. Quia dolorem molestiae numquam et. Alias commodi modi consectetur doloribus quia magni. Fugit maiores amet amet. Quia aut nihil voluptas sed.', 2, '2023-04-29 03:37:18', '2023-04-29 03:37:18'),
(288, 11, 'Mara Tillman', 'Quia quaerat minima rem et accusamus labore laudantium. Perferendis quo rem odit assumenda. Eveniet voluptatem sint consequuntur beatae voluptates necessitatibus. Asperiores optio atque et voluptatibus distinctio laudantium.', 4, '2023-04-29 03:37:18', '2023-04-29 03:37:18'),
(289, 36, 'Travis Emard', 'Sequi est autem tempore sint non deserunt autem. Adipisci excepturi provident in sunt rerum. Nemo rerum illo voluptatem enim. Amet iusto dolore voluptatem quia sunt consequuntur et.', 3, '2023-04-29 03:37:18', '2023-04-29 03:37:18'),
(290, 7, 'Francesca Lemke', 'Harum ducimus sequi vel ut. Sint praesentium magni modi aut. Ut consequatur nemo at omnis. Quo eveniet maxime aut similique quisquam pariatur optio.', 3, '2023-04-29 03:37:18', '2023-04-29 03:37:18'),
(291, 38, 'Prof. Beaulah Reinger', 'Nihil adipisci odio numquam corporis voluptatibus iure tenetur. Dolorem qui harum praesentium non voluptatem. Sit optio aut consequuntur qui sint vel. Quisquam consequatur consectetur minus eaque odio consequatur incidunt.', 2, '2023-04-29 03:37:18', '2023-04-29 03:37:18'),
(292, 10, 'Precious Parker', 'Et libero non culpa aliquid sit cumque. Repudiandae fuga tempore est laboriosam. Culpa aliquam aut atque.', 5, '2023-04-29 03:37:18', '2023-04-29 03:37:18'),
(293, 10, 'Minerva Kshlerin', 'Iusto ducimus modi in hic. Rerum aspernatur at adipisci debitis veniam. In porro laborum repudiandae reiciendis eum laboriosam. Nam ut provident suscipit tempora beatae voluptate adipisci.', 1, '2023-04-29 03:37:18', '2023-04-29 03:37:18'),
(294, 41, 'Prof. Shania Konopelski', 'Distinctio aut consectetur eos labore minus. Omnis eligendi facilis animi consequatur. Voluptatem nihil aut aspernatur et quis eius aut.', 5, '2023-04-29 03:37:18', '2023-04-29 03:37:18'),
(295, 18, 'Prof. Stephon Moen V', 'Blanditiis deserunt nostrum ut ipsam nihil qui sint. Quo quidem quo et. Ad qui molestiae reprehenderit amet laudantium similique aut ipsam. Qui dolorem doloribus quia ut reiciendis veritatis eaque ut.', 1, '2023-04-29 03:37:18', '2023-04-29 03:37:18'),
(296, 26, 'Annamae Yundt', 'Dolorem molestiae quaerat quos perspiciatis. Architecto in rerum blanditiis autem ipsa perspiciatis voluptas corporis. Eum eos et deleniti et perspiciatis qui est. Fugit laboriosam sed soluta mollitia odio mollitia at.', 4, '2023-04-29 03:37:18', '2023-04-29 03:37:18'),
(297, 38, 'Meghan Streich', 'Aut porro dolor ullam quia iusto occaecati. Est est deserunt molestias. Magni expedita sint ad aspernatur.', 4, '2023-04-29 03:37:18', '2023-04-29 03:37:18'),
(298, 4, 'Anne Champlin', 'Perspiciatis et odit et labore qui. Tenetur aut dolore incidunt. Est id voluptatem aspernatur delectus.', 4, '2023-04-29 03:37:18', '2023-04-29 03:37:18'),
(299, 37, 'Antonetta Grant', 'In ut animi enim non sed et. Provident adipisci ea sint. Dolorum fuga aut rerum tempora nisi dicta. Animi molestiae et et voluptate tempore laudantium dolorem.', 2, '2023-04-29 03:37:18', '2023-04-29 03:37:18'),
(300, 36, 'Dr. Lourdes McCullough Sr.', 'Mollitia in aut suscipit omnis corporis vero. Repellendus a nulla numquam dolorum at.', 0, '2023-04-29 03:37:18', '2023-04-29 03:37:18');

-- --------------------------------------------------------

--
-- Table structure for table `users`
--

CREATE TABLE `users` (
  `id` bigint UNSIGNED NOT NULL,
  `name` varchar(255) COLLATE utf8mb4_unicode_ci NOT NULL,
  `email` varchar(255) COLLATE utf8mb4_unicode_ci NOT NULL,
  `email_verified_at` timestamp NULL DEFAULT NULL,
  `password` varchar(255) COLLATE utf8mb4_unicode_ci NOT NULL,
  `remember_token` varchar(100) COLLATE utf8mb4_unicode_ci DEFAULT NULL,
  `created_at` timestamp NULL DEFAULT NULL,
  `updated_at` timestamp NULL DEFAULT NULL
) ENGINE=InnoDB DEFAULT CHARSET=utf8mb4 COLLATE=utf8mb4_unicode_ci;

--
-- Indexes for dumped tables
--

--
-- Indexes for table `failed_jobs`
--
ALTER TABLE `failed_jobs`
  ADD PRIMARY KEY (`id`),
  ADD UNIQUE KEY `failed_jobs_uuid_unique` (`uuid`);

--
-- Indexes for table `migrations`
--
ALTER TABLE `migrations`
  ADD PRIMARY KEY (`id`);

--
-- Indexes for table `password_reset_tokens`
--
ALTER TABLE `password_reset_tokens`
  ADD PRIMARY KEY (`email`);

--
-- Indexes for table `personal_access_tokens`
--
ALTER TABLE `personal_access_tokens`
  ADD PRIMARY KEY (`id`),
  ADD UNIQUE KEY `personal_access_tokens_token_unique` (`token`),
  ADD KEY `personal_access_tokens_tokenable_type_tokenable_id_index` (`tokenable_type`,`tokenable_id`);

--
-- Indexes for table `products`
--
ALTER TABLE `products`
  ADD PRIMARY KEY (`id`);

--
-- Indexes for table `reviews`
--
ALTER TABLE `reviews`
  ADD PRIMARY KEY (`id`),
  ADD KEY `reviews_product_id_index` (`product_id`);

--
-- Indexes for table `users`
--
ALTER TABLE `users`
  ADD PRIMARY KEY (`id`),
  ADD UNIQUE KEY `users_email_unique` (`email`);

--
-- AUTO_INCREMENT for dumped tables
--

--
-- AUTO_INCREMENT for table `failed_jobs`
--
ALTER TABLE `failed_jobs`
  MODIFY `id` bigint UNSIGNED NOT NULL AUTO_INCREMENT;

--
-- AUTO_INCREMENT for table `migrations`
--
ALTER TABLE `migrations`
  MODIFY `id` int UNSIGNED NOT NULL AUTO_INCREMENT, AUTO_INCREMENT=7;

--
-- AUTO_INCREMENT for table `personal_access_tokens`
--
ALTER TABLE `personal_access_tokens`
  MODIFY `id` bigint UNSIGNED NOT NULL AUTO_INCREMENT;

--
-- AUTO_INCREMENT for table `products`
--
ALTER TABLE `products`
  MODIFY `id` bigint UNSIGNED NOT NULL AUTO_INCREMENT, AUTO_INCREMENT=51;

--
-- AUTO_INCREMENT for table `reviews`
--
ALTER TABLE `reviews`
  MODIFY `id` bigint UNSIGNED NOT NULL AUTO_INCREMENT, AUTO_INCREMENT=301;

--
-- AUTO_INCREMENT for table `users`
--
ALTER TABLE `users`
  MODIFY `id` bigint UNSIGNED NOT NULL AUTO_INCREMENT;

--
-- Constraints for dumped tables
--

--
-- Constraints for table `reviews`
--
ALTER TABLE `reviews`
  ADD CONSTRAINT `reviews_product_id_foreign` FOREIGN KEY (`product_id`) REFERENCES `products` (`id`) ON DELETE CASCADE;
COMMIT;

/*!40101 SET CHARACTER_SET_CLIENT=@OLD_CHARACTER_SET_CLIENT */;
/*!40101 SET CHARACTER_SET_RESULTS=@OLD_CHARACTER_SET_RESULTS */;
/*!40101 SET COLLATION_CONNECTION=@OLD_COLLATION_CONNECTION */;
